stock_name,ossUrl,companyName,name,id,time,announcementType,title,uuid,stock_code
海天味业,http://stock.tianyancha.com/Announcement/eastmoney/d55826206adf9fedfb3f354e6290b367.pdf,佛山市海天调味食品股份有限公司,海天味业,23038177,2026-03-27,ESG公告,海天味业:海天味业2025年度环境、社会和公司治理报告摘要,d55826206adf9fedfb3f354e6290b367,603288
海天味业,http://stock.tianyancha.com/Announcement/eastmoney/709a97c3360e4d76ebbda79837c4cc63.pdf,佛山市海天调味食品股份有限公司,海天味业,23038176,2026-03-27,公司章程修订,海天味业:海天味业公司章程（2026年5月修订）,709a97c3360e4d76ebbda79837c4cc63,603288
海天味业,http://stock.tianyancha.com/Announcement/eastmoney/0a5fc6f8dcb7bcdd7a19e46bd8d7e049.pdf,佛山市海天调味食品股份有限公司,海天味业,23038175,2026-03-27,专项说明/独立意见,海天味业:海天味业2025年度非经营性资金占用及其他关联资金往来情况的专项说明,0a5fc6f8dcb7bcdd7a19e46bd8d7e049,603288
海天味业,http://stock.tianyancha.com/Announcement/eastmoney/ec5156f860cf075d85eadfe938be1093.pdf,佛山市海天调味食品股份有限公司,海天味业,23038174,2026-03-27,年度报告全文,海天味业:海天味业2025年年度报告,ec5156f860cf075d85eadfe938be1093,603288
海天味业,http://stock.tianyancha.com/Announcement/eastmoney/0fde5fe1131da37a868cd2fe3a1aa12c.pdf,佛山市海天调味食品股份有限公司,海天味业,23038173,2026-03-27,审计报告,海天味业:海天味业2025年内部控制审计报告,0fde5fe1131da37a868cd2fe3a1aa12c,603288
海天味业,http://stock.tianyancha.com/Announcement/eastmoney/b53f20ec4c18ea4b19629c982522152f.pdf,佛山市海天调味食品股份有限公司,海天味业,23038172,2026-03-27,ESG公告,海天味业:海天味业2025年环境、社会和公司治理报告,b53f20ec4c18ea4b19629c982522152f,603288
海天味业,http://stock.tianyancha.com/Announcement/eastmoney/1011a0e5e3b539be05e5c982ab52878c.pdf,佛山市海天调味食品股份有限公司,海天味业,23038171,2026-03-27,审计报告,海天味业:海天味业2025年度审计报告,1011a0e5e3b539be05e5c982ab52878c,603288
海天味业,http://stock.tianyancha.com/Announcement/eastmoney/41f7de8ac5d76031ce445687c011d8f6.pdf,佛山市海天调味食品股份有限公司,海天味业,23038170,2026-03-27,借贷,海天味业:海天味业关于申请银行授信额度的公告,41f7de8ac5d76031ce445687c011d8f6,603288
海天味业,http://stock.tianyancha.com/Announcement/eastmoney/6addf1d5310874958e76fd269fd7c446.pdf,佛山市海天调味食品股份有限公司,海天味业,23038168,2026-03-27,审计机构变更,海天味业:海天味业续聘会计师事务所公告,6addf1d5310874958e76fd269fd7c446,603288
海天味业,http://stock.tianyancha.com/Announcement/eastmoney/ffa94e871ffae659d547851182787a3f.pdf,佛山市海天调味食品股份有限公司,海天味业,23038167,2026-03-27,员工持股计划,海天味业:海天味业关于回购注销2024年员工持股计划A股股份暨2024年员工持股计划终止的公告,ffa94e871ffae659d547851182787a3f,603288
海天味业,http://stock.tianyancha.com/Announcement/eastmoney/1c7b7db4d53534344899204d06358004.pdf,佛山市海天调味食品股份有限公司,海天味业,23038166,2026-03-27,其他,海天味业:海天味业关于开展外汇衍生品交易业务的公告,1c7b7db4d53534344899204d06358004,603288
海天味业,http://stock.tianyancha.com/Announcement/eastmoney/f8eaf5817ab6cbcdbf09074c72bdcd20.pdf,佛山市海天调味食品股份有限公司,海天味业,23038165,2026-03-27,其他,海天味业:海天味业董事会审计委员会2025年度履职情况报告,f8eaf5817ab6cbcdbf09074c72bdcd20,603288
海天味业,http://stock.tianyancha.com/Announcement/eastmoney/b7394ca4ad71a24d45e1b17cd88704eb.pdf,佛山市海天调味食品股份有限公司,海天味业,23038164,2026-03-27,专项说明/独立意见,海天味业:海天味业董事会关于独立董事独立性情况评估的专项意见,b7394ca4ad71a24d45e1b17cd88704eb,603288
海天味业,http://stock.tianyancha.com/Announcement/eastmoney/116b63a62cb9030a7e4d27be97429204.pdf,佛山市海天调味食品股份有限公司,海天味业,23038163,2026-03-27,员工持股计划,海天味业:海天味业2026年A股员工持股计划管理办法,116b63a62cb9030a7e4d27be97429204,603288
海天味业,http://stock.tianyancha.com/Announcement/eastmoney/d40e989ed21127c8248bca187a9e3d75.pdf,佛山市海天调味食品股份有限公司,海天味业,23038162,2026-03-27,投资理财,海天味业:海天味业关于2026年度以自有闲置资金进行投资理财的公告,d40e989ed21127c8248bca187a9e3d75,603288
海天味业,http://stock.tianyancha.com/Announcement/eastmoney/780389651b9d04264711ffd9117670a6.pdf,佛山市海天调味食品股份有限公司,海天味业,23038161,2026-03-27,独立董事述职报告,海天味业:海天味业独立董事2025年度述职报告（张科春）,780389651b9d04264711ffd9117670a6,603288
海天味业,http://stock.tianyancha.com/Announcement/eastmoney/380c22068731223b578e5998e5f063bd.pdf,佛山市海天调味食品股份有限公司,海天味业,23038159,2026-03-27,员工持股计划,海天味业:海天味业2026年A股员工持股计划（草案）摘要,380c22068731223b578e5998e5f063bd,603288
海天味业,http://stock.tianyancha.com/Announcement/eastmoney/faf56b4c773a41b26d1344df9820cd2b.pdf,佛山市海天调味食品股份有限公司,海天味业,23038158,2026-03-27,独立董事述职报告,海天味业:海天味业独立董事2025年度述职报告（屈文洲）,faf56b4c773a41b26d1344df9820cd2b,603288
海天味业,http://stock.tianyancha.com/Announcement/eastmoney/3e25d391897c6aaf031788042c47046c.pdf,佛山市海天调味食品股份有限公司,海天味业,23038157,2026-03-27,员工持股计划,海天味业:海天味业2026年A股员工持股计划（草案）,3e25d391897c6aaf031788042c47046c,603288
海天味业,http://stock.tianyancha.com/Announcement/eastmoney/bf106214c8ed5b6b8dc0663ab952d7e7.pdf,佛山市海天调味食品股份有限公司,海天味业,23038156,2026-03-27,保荐/核查意见,海天味业:海天味业薪酬与考核委员会关于2026年A股员工持股计划相关事宜的核查意见,bf106214c8ed5b6b8dc0663ab952d7e7,603288
