open,high,low,close,volume,thscode,time,thsname_cn,thsname_en,currency
14.91,15.03,14.7,14.99,9795200.0,600346.SH,20230814,恒力石化,NA,CNY
15.04,15.2,14.91,15.03,10186100.0,600346.SH,20230815,恒力石化,NA,CNY
14.95,15.07,14.84,14.88,7843600.0,600346.SH,20230816,恒力石化,NA,CNY
14.77,14.87,14.58,14.71,11349400.0,600346.SH,20230817,恒力石化,NA,CNY
14.62,14.81,14.49,14.52,10211600.0,600346.SH,20230818,恒力石化,NA,CNY
14.46,14.6,14.32,14.35,10157100.0,600346.SH,20230821,恒力石化,NA,CNY
14.41,14.57,14.25,14.41,9487500.0,600346.SH,20230822,恒力石化,NA,CNY
14.35,14.5,14.1,14.14,12520000.0,600346.SH,20230823,恒力石化,NA,CNY
14.09,14.21,13.99,14.09,10792500.0,600346.SH,20230824,恒力石化,NA,CNY
14.04,14.57,14.04,14.34,25937500.0,600346.SH,20230825,恒力石化,NA,CNY
14.93,15.0,14.49,14.5,19083100.0,600346.SH,20230828,恒力石化,NA,CNY
14.5,14.6,14.38,14.47,16012000.0,600346.SH,20230829,恒力石化,NA,CNY
14.43,14.62,14.37,14.43,9595300.0,600346.SH,20230830,恒力石化,NA,CNY
14.44,14.49,14.32,14.36,8777400.0,600346.SH,20230831,恒力石化,NA,CNY
14.39,14.61,14.3,14.55,11691000.0,600346.SH,20230901,恒力石化,NA,CNY
14.63,15.12,14.55,14.97,18012200.0,600346.SH,20230904,恒力石化,NA,CNY
15.05,15.1,14.87,15.05,14444900.0,600346.SH,20230905,恒力石化,NA,CNY
15.05,15.35,14.96,15.22,16164400.0,600346.SH,20230906,恒力石化,NA,CNY
15.22,15.28,15.06,15.08,13771600.0,600346.SH,20230907,恒力石化,NA,CNY
15.1,15.12,14.91,14.97,7946800.0,600346.SH,20230908,恒力石化,NA,CNY
14.94,15.22,14.94,14.98,12055400.0,600346.SH,20230911,恒力石化,NA,CNY
15.0,15.06,14.93,15.02,9450400.0,600346.SH,20230912,恒力石化,NA,CNY
15.01,15.1,14.88,14.97,8126500.0,600346.SH,20230913,恒力石化,NA,CNY
14.97,15.05,14.85,14.94,7871200.0,600346.SH,20230914,恒力石化,NA,CNY
14.94,15.0,14.7,14.8,9816000.0,600346.SH,20230915,恒力石化,NA,CNY
14.77,14.81,14.6,14.78,6039500.0,600346.SH,20230918,恒力石化,NA,CNY
14.77,14.84,14.68,14.83,6558800.0,600346.SH,20230919,恒力石化,NA,CNY
14.76,14.88,14.74,14.78,4590000.0,600346.SH,20230920,恒力石化,NA,CNY
14.71,14.8,14.6,14.63,6908800.0,600346.SH,20230921,恒力石化,NA,CNY
14.66,14.78,14.47,14.55,9366800.0,600346.SH,20230922,恒力石化,NA,CNY
14.54,14.68,14.44,14.57,8924200.0,600346.SH,20230925,恒力石化,NA,CNY
14.63,14.65,14.4,14.46,7402000.0,600346.SH,20230926,恒力石化,NA,CNY
14.41,14.63,14.41,14.46,6338300.0,600346.SH,20230927,恒力石化,NA,CNY
14.58,14.6,14.33,14.4,11007000.0,600346.SH,20230928,恒力石化,NA,CNY
14.33,14.43,14.21,14.37,8291300.0,600346.SH,20231009,恒力石化,NA,CNY
14.4,14.54,14.26,14.29,7913700.0,600346.SH,20231010,恒力石化,NA,CNY
14.32,14.37,14.21,14.27,11535100.0,600346.SH,20231011,恒力石化,NA,CNY
14.28,14.37,14.21,14.3,10989000.0,600346.SH,20231012,恒力石化,NA,CNY
14.23,14.3,14.2,14.3,10639500.0,600346.SH,20231013,恒力石化,NA,CNY
14.33,14.36,14.11,14.16,11462200.0,600346.SH,20231016,恒力石化,NA,CNY
14.16,14.35,14.09,14.22,8791100.0,600346.SH,20231017,恒力石化,NA,CNY
14.22,14.4,14.1,14.32,20722900.0,600346.SH,20231018,恒力石化,NA,CNY
14.23,14.42,14.07,14.1,16156500.0,600346.SH,20231019,恒力石化,NA,CNY
14.02,14.07,13.73,13.86,14188500.0,600346.SH,20231020,恒力石化,NA,CNY
13.79,13.82,13.15,13.19,23720700.0,600346.SH,20231023,恒力石化,NA,CNY
13.2,13.38,12.95,13.1,20006000.0,600346.SH,20231024,恒力石化,NA,CNY
13.2,13.54,13.19,13.47,14367200.0,600346.SH,20231025,恒力石化,NA,CNY
13.39,13.67,13.39,13.64,10054400.0,600346.SH,20231026,恒力石化,NA,CNY
13.58,14.0,13.58,13.97,13732600.0,600346.SH,20231027,恒力石化,NA,CNY
14.2,14.62,14.09,14.56,31411200.0,600346.SH,20231030,恒力石化,NA,CNY
14.55,14.74,14.45,14.64,18247400.0,600346.SH,20231031,恒力石化,NA,CNY
14.63,14.92,14.52,14.81,19417600.0,600346.SH,20231101,恒力石化,NA,CNY
14.81,14.89,14.72,14.76,14236300.0,600346.SH,20231102,恒力石化,NA,CNY
14.75,14.85,14.6,14.68,10479800.0,600346.SH,20231103,恒力石化,NA,CNY
14.75,14.78,14.36,14.43,21370600.0,600346.SH,20231106,恒力石化,NA,CNY
14.38,14.52,14.36,14.39,11319300.0,600346.SH,20231107,恒力石化,NA,CNY
14.44,14.44,14.11,14.24,12266900.0,600346.SH,20231108,恒力石化,NA,CNY
14.17,14.39,14.17,14.3,8399600.0,600346.SH,20231109,恒力石化,NA,CNY
14.21,14.3,14.11,14.16,7074600.0,600346.SH,20231110,恒力石化,NA,CNY
14.19,14.28,13.96,14.07,15076900.0,600346.SH,20231113,恒力石化,NA,CNY
14.07,14.17,14.03,14.13,8465000.0,600346.SH,20231114,恒力石化,NA,CNY
14.22,14.3,14.15,14.2,8123300.0,600346.SH,20231115,恒力石化,NA,CNY
14.18,14.25,14.06,14.1,6521900.0,600346.SH,20231116,恒力石化,NA,CNY
14.06,14.11,13.89,14.05,9699900.0,600346.SH,20231117,恒力石化,NA,CNY
14.07,14.14,13.92,13.95,9895900.0,600346.SH,20231120,恒力石化,NA,CNY
14.0,14.2,13.95,14.05,8315600.0,600346.SH,20231121,恒力石化,NA,CNY
14.05,14.08,13.87,13.92,7140800.0,600346.SH,20231122,恒力石化,NA,CNY
13.88,14.06,13.83,13.98,6891500.0,600346.SH,20231123,恒力石化,NA,CNY
13.94,14.03,13.89,13.91,5281000.0,600346.SH,20231124,恒力石化,NA,CNY
13.86,14.02,13.71,13.97,10646600.0,600346.SH,20231127,恒力石化,NA,CNY
14.0,14.08,13.84,14.04,8964900.0,600346.SH,20231128,恒力石化,NA,CNY
13.97,14.05,13.92,14.0,6896900.0,600346.SH,20231129,恒力石化,NA,CNY
14.0,14.14,13.94,14.03,8785000.0,600346.SH,20231130,恒力石化,NA,CNY
14.05,14.08,13.63,13.68,13052000.0,600346.SH,20231201,恒力石化,NA,CNY
13.69,13.85,13.61,13.72,9316300.0,600346.SH,20231204,恒力石化,NA,CNY
13.71,13.83,13.51,13.52,8026300.0,600346.SH,20231205,恒力石化,NA,CNY
13.52,13.62,13.42,13.5,6635000.0,600346.SH,20231206,恒力石化,NA,CNY
13.48,13.58,13.32,13.5,7851000.0,600346.SH,20231207,恒力石化,NA,CNY
13.5,13.62,13.36,13.4,9794500.0,600346.SH,20231208,恒力石化,NA,CNY
13.35,13.61,13.16,13.59,14829900.0,600346.SH,20231211,恒力石化,NA,CNY
13.51,13.57,13.26,13.51,14320900.0,600346.SH,20231212,恒力石化,NA,CNY
13.5,13.65,13.2,13.21,12881200.0,600346.SH,20231213,恒力石化,NA,CNY
13.27,13.3,13.1,13.12,9238800.0,600346.SH,20231214,恒力石化,NA,CNY
13.12,13.25,13.08,13.11,8415100.0,600346.SH,20231215,恒力石化,NA,CNY
13.15,13.15,12.88,13.02,9329200.0,600346.SH,20231218,恒力石化,NA,CNY
12.95,13.08,12.77,12.91,12359800.0,600346.SH,20231219,恒力石化,NA,CNY
12.95,12.99,12.63,12.66,12144700.0,600346.SH,20231220,恒力石化,NA,CNY
12.61,12.75,12.55,12.67,11046900.0,600346.SH,20231221,恒力石化,NA,CNY
12.65,12.77,12.5,12.74,14219800.0,600346.SH,20231222,恒力石化,NA,CNY
12.7,12.79,12.53,12.71,11570900.0,600346.SH,20231225,恒力石化,NA,CNY
12.73,12.79,12.65,12.72,9993500.0,600346.SH,20231226,恒力石化,NA,CNY
12.66,12.87,12.63,12.84,8208300.0,600346.SH,20231227,恒力石化,NA,CNY
12.85,13.08,12.79,13.04,14228600.0,600346.SH,20231228,恒力石化,NA,CNY
13.03,13.25,12.96,13.17,11547600.0,600346.SH,20231229,恒力石化,NA,CNY
13.18,13.27,13.11,13.17,10421300.0,600346.SH,20240102,恒力石化,NA,CNY
13.19,13.23,13.12,13.19,9504800.0,600346.SH,20240103,恒力石化,NA,CNY
13.18,13.23,13.0,13.18,8657200.0,600346.SH,20240104,恒力石化,NA,CNY
13.2,13.21,12.99,13.07,8942900.0,600346.SH,20240105,恒力石化,NA,CNY
13.08,13.09,12.91,12.92,10035500.0,600346.SH,20240108,恒力石化,NA,CNY
12.88,13.03,12.71,12.97,8561900.0,600346.SH,20240109,恒力石化,NA,CNY
13.0,13.23,12.9,13.02,9156600.0,600346.SH,20240110,恒力石化,NA,CNY
13.0,13.06,12.68,12.71,18620400.0,600346.SH,20240111,恒力石化,NA,CNY
12.65,12.67,12.2,12.37,21309800.0,600346.SH,20240112,恒力石化,NA,CNY
12.25,12.37,12.06,12.07,22673400.0,600346.SH,20240115,恒力石化,NA,CNY
12.06,12.35,11.89,12.32,26649600.0,600346.SH,20240116,恒力石化,NA,CNY
12.32,12.45,12.19,12.19,14612500.0,600346.SH,20240117,恒力石化,NA,CNY
12.06,12.32,11.84,12.18,21920500.0,600346.SH,20240118,恒力石化,NA,CNY
12.19,12.34,12.08,12.24,11976500.0,600346.SH,20240119,恒力石化,NA,CNY
12.24,12.26,11.8,11.91,16885900.0,600346.SH,20240122,恒力石化,NA,CNY
11.85,11.98,11.65,11.89,14102300.0,600346.SH,20240123,恒力石化,NA,CNY
11.98,12.02,11.67,12.0,12546100.0,600346.SH,20240124,恒力石化,NA,CNY
11.96,12.41,11.92,12.4,14132800.0,600346.SH,20240125,恒力石化,NA,CNY
12.4,12.7,12.36,12.62,13653500.0,600346.SH,20240126,恒力石化,NA,CNY
12.65,12.71,12.35,12.38,11779500.0,600346.SH,20240129,恒力石化,NA,CNY
12.35,12.46,12.02,12.04,16536700.0,600346.SH,20240130,恒力石化,NA,CNY
11.99,12.02,11.69,11.76,19755900.0,600346.SH,20240131,恒力石化,NA,CNY
11.7,11.99,11.64,11.79,17731600.0,600346.SH,20240201,恒力石化,NA,CNY
11.8,11.89,11.15,11.47,25504900.0,600346.SH,20240202,恒力石化,NA,CNY
11.47,11.8,11.11,11.45,27752300.0,600346.SH,20240205,恒力石化,NA,CNY
11.44,12.08,11.37,12.05,31660000.0,600346.SH,20240206,恒力石化,NA,CNY
12.08,12.32,11.92,12.22,33156700.0,600346.SH,20240207,恒力石化,NA,CNY
12.29,12.44,12.14,12.38,27897900.0,600346.SH,20240208,恒力石化,NA,CNY
12.49,12.61,12.42,12.57,17787800.0,600346.SH,20240219,恒力石化,NA,CNY
12.59,12.84,12.35,12.73,13651000.0,600346.SH,20240220,恒力石化,NA,CNY
12.68,12.98,12.58,12.73,17323000.0,600346.SH,20240221,恒力石化,NA,CNY
12.73,12.92,12.7,12.78,13672000.0,600346.SH,20240222,恒力石化,NA,CNY
12.78,12.83,12.64,12.73,11995500.0,600346.SH,20240223,恒力石化,NA,CNY
12.72,12.83,12.64,12.66,12430300.0,600346.SH,20240226,恒力石化,NA,CNY
12.68,12.75,12.6,12.72,12796300.0,600346.SH,20240227,恒力石化,NA,CNY
12.72,12.94,12.51,12.51,19815800.0,600346.SH,20240228,恒力石化,NA,CNY
12.48,12.73,12.42,12.73,18745700.0,600346.SH,20240229,恒力石化,NA,CNY
12.72,12.79,12.6,12.76,16450600.0,600346.SH,20240301,恒力石化,NA,CNY
12.72,12.83,12.58,12.61,15304100.0,600346.SH,20240304,恒力石化,NA,CNY
12.61,12.7,12.48,12.54,19913800.0,600346.SH,20240305,恒力石化,NA,CNY
12.54,12.69,12.51,12.58,10795300.0,600346.SH,20240306,恒力石化,NA,CNY
12.6,13.09,12.6,12.79,18671500.0,600346.SH,20240307,恒力石化,NA,CNY
12.8,12.94,12.65,12.72,16531700.0,600346.SH,20240308,恒力石化,NA,CNY
12.72,12.84,12.63,12.74,15301600.0,600346.SH,20240311,恒力石化,NA,CNY
12.88,13.08,12.73,13.04,21416400.0,600346.SH,20240312,恒力石化,NA,CNY
13.03,13.03,12.76,12.82,17564300.0,600346.SH,20240313,恒力石化,NA,CNY
12.72,13.06,12.72,12.89,14971800.0,600346.SH,20240314,恒力石化,NA,CNY
12.9,12.95,12.62,12.93,21251300.0,600346.SH,20240315,恒力石化,NA,CNY
12.91,13.07,12.85,13.06,18252100.0,600346.SH,20240318,恒力石化,NA,CNY
13.06,13.45,13.01,13.11,25355200.0,600346.SH,20240319,恒力石化,NA,CNY
13.12,13.54,13.1,13.42,27712500.0,600346.SH,20240320,恒力石化,NA,CNY
13.54,13.56,13.24,13.29,18605100.0,600346.SH,20240321,恒力石化,NA,CNY
13.28,13.55,13.26,13.34,20045400.0,600346.SH,20240322,恒力石化,NA,CNY
13.26,13.45,13.2,13.23,14703500.0,600346.SH,20240325,恒力石化,NA,CNY
13.21,13.51,13.21,13.43,20274300.0,600346.SH,20240326,恒力石化,NA,CNY
13.36,13.5,13.33,13.33,15220300.0,600346.SH,20240327,恒力石化,NA,CNY
13.32,13.73,13.28,13.7,23545700.0,600346.SH,20240328,恒力石化,NA,CNY
13.7,14.07,13.6,13.95,21453300.0,600346.SH,20240329,恒力石化,NA,CNY
14.06,14.32,14.0,14.27,26226300.0,600346.SH,20240401,恒力石化,NA,CNY
14.34,14.79,14.34,14.7,35325300.0,600346.SH,20240402,恒力石化,NA,CNY
14.7,15.04,14.56,14.71,28637100.0,600346.SH,20240403,恒力石化,NA,CNY
14.75,14.85,14.59,14.62,21343400.0,600346.SH,20240408,恒力石化,NA,CNY
14.6,14.75,14.4,14.47,19794200.0,600346.SH,20240409,恒力石化,NA,CNY
14.63,14.91,14.51,14.74,28826900.0,600346.SH,20240410,恒力石化,NA,CNY
14.6,15.02,14.52,14.88,22168300.0,600346.SH,20240411,恒力石化,NA,CNY
14.88,15.34,14.78,15.2,27929800.0,600346.SH,20240412,恒力石化,NA,CNY
15.24,15.62,15.08,15.58,37886600.0,600346.SH,20240415,恒力石化,NA,CNY
15.55,15.71,15.28,15.28,30603600.0,600346.SH,20240416,恒力石化,NA,CNY
15.28,15.73,15.16,15.71,26015200.0,600346.SH,20240417,恒力石化,NA,CNY
15.65,15.95,15.55,15.69,22831100.0,600346.SH,20240418,恒力石化,NA,CNY
15.69,16.13,15.6,16.09,25313400.0,600346.SH,20240419,恒力石化,NA,CNY
16.29,16.38,15.54,15.57,38352400.0,600346.SH,20240422,恒力石化,NA,CNY
16.17,16.2,14.83,15.21,56686600.0,600346.SH,20240423,恒力石化,NA,CNY
15.35,15.72,15.13,15.68,33683100.0,600346.SH,20240424,恒力石化,NA,CNY
15.64,15.89,15.5,15.58,23643900.0,600346.SH,20240425,恒力石化,NA,CNY
15.47,15.65,15.21,15.4,29207500.0,600346.SH,20240426,恒力石化,NA,CNY
15.38,15.56,15.26,15.5,23564400.0,600346.SH,20240429,恒力石化,NA,CNY
15.52,15.76,15.42,15.5,21987500.0,600346.SH,20240430,恒力石化,NA,CNY
15.59,16.04,15.35,15.97,34750800.0,600346.SH,20240506,恒力石化,NA,CNY
16.05,16.07,15.77,15.9,25869800.0,600346.SH,20240507,恒力石化,NA,CNY
15.85,15.98,15.72,15.84,16330700.0,600346.SH,20240508,恒力石化,NA,CNY
15.85,15.94,15.7,15.85,19411000.0,600346.SH,20240509,恒力石化,NA,CNY
15.86,16.22,15.79,16.14,23653200.0,600346.SH,20240510,恒力石化,NA,CNY
16.04,16.44,15.95,16.4,30324800.0,600346.SH,20240513,恒力石化,NA,CNY
16.32,16.54,16.25,16.52,22880000.0,600346.SH,20240514,恒力石化,NA,CNY
16.49,16.71,15.71,15.81,40557700.0,600346.SH,20240515,恒力石化,NA,CNY
15.7,15.85,15.5,15.59,21507200.0,600346.SH,20240516,恒力石化,NA,CNY
15.59,15.72,15.45,15.68,14168300.0,600346.SH,20240517,恒力石化,NA,CNY
15.6,15.8,15.48,15.55,21390000.0,600346.SH,20240520,恒力石化,NA,CNY
15.6,15.68,15.48,15.56,15637000.0,600346.SH,20240521,恒力石化,NA,CNY
15.52,15.6,15.27,15.31,27466800.0,600346.SH,20240522,恒力石化,NA,CNY
15.31,15.34,15.06,15.09,25353300.0,600346.SH,20240523,恒力石化,NA,CNY
15.07,15.31,14.97,15.19,20351500.0,600346.SH,20240524,恒力石化,NA,CNY
14.72,14.9,14.64,14.7,17311500.0,600346.SH,20240527,恒力石化,NA,CNY
14.71,14.84,14.67,14.68,15312000.0,600346.SH,20240528,恒力石化,NA,CNY
14.68,14.79,14.56,14.64,10431800.0,600346.SH,20240529,恒力石化,NA,CNY
14.66,14.85,14.46,14.5,13460800.0,600346.SH,20240530,恒力石化,NA,CNY
14.5,14.57,14.28,14.33,16797600.0,600346.SH,20240531,恒力石化,NA,CNY
14.3,14.39,14.18,14.25,18780600.0,600346.SH,20240603,恒力石化,NA,CNY
14.26,14.3,14.06,14.21,19359300.0,600346.SH,20240604,恒力石化,NA,CNY
14.25,14.36,14.13,14.21,14462700.0,600346.SH,20240605,恒力石化,NA,CNY
14.21,14.42,14.09,14.36,18567300.0,600346.SH,20240606,恒力石化,NA,CNY
14.39,14.41,14.11,14.21,15460900.0,600346.SH,20240607,恒力石化,NA,CNY
14.21,14.33,14.12,14.27,11665900.0,600346.SH,20240611,恒力石化,NA,CNY
14.28,14.31,14.14,14.2,9916400.0,600346.SH,20240612,恒力石化,NA,CNY
14.2,14.25,13.94,13.99,11750900.0,600346.SH,20240613,恒力石化,NA,CNY
13.96,14.1,13.89,14.02,10848500.0,600346.SH,20240614,恒力石化,NA,CNY
14.02,14.02,13.72,13.8,18297600.0,600346.SH,20240617,恒力石化,NA,CNY
13.78,13.95,13.75,13.91,11434400.0,600346.SH,20240618,恒力石化,NA,CNY
13.9,14.04,13.75,13.76,9404200.0,600346.SH,20240619,恒力石化,NA,CNY
13.7,13.9,13.67,13.73,10629000.0,600346.SH,20240620,恒力石化,NA,CNY
13.67,13.85,13.65,13.77,12334800.0,600346.SH,20240621,恒力石化,NA,CNY
13.7,13.9,13.63,13.79,13531600.0,600346.SH,20240624,恒力石化,NA,CNY
13.79,14.25,13.74,14.1,19989200.0,600346.SH,20240625,恒力石化,NA,CNY
14.17,14.46,13.9,14.4,22518500.0,600346.SH,20240626,恒力石化,NA,CNY
14.33,14.37,13.89,13.93,18682900.0,600346.SH,20240627,恒力石化,NA,CNY
13.91,14.06,13.8,13.95,15858500.0,600346.SH,20240628,恒力石化,NA,CNY
13.95,14.29,13.65,14.25,20287800.0,600346.SH,20240701,恒力石化,NA,CNY
14.24,14.29,13.8,13.87,18036200.0,600346.SH,20240702,恒力石化,NA,CNY
13.79,13.97,13.78,13.82,9379000.0,600346.SH,20240703,恒力石化,NA,CNY
13.78,13.97,13.76,13.76,12047500.0,600346.SH,20240704,恒力石化,NA,CNY
13.81,14.08,13.8,14.07,16997400.0,600346.SH,20240705,恒力石化,NA,CNY
14.07,14.09,13.62,13.72,18344300.0,600346.SH,20240708,恒力石化,NA,CNY
13.66,13.87,13.54,13.87,13821000.0,600346.SH,20240709,恒力石化,NA,CNY
13.8,13.92,13.71,13.76,8462500.0,600346.SH,20240710,恒力石化,NA,CNY
13.89,14.24,13.67,14.22,18411500.0,600346.SH,20240711,恒力石化,NA,CNY
14.2,14.54,14.13,14.39,21574600.0,600346.SH,20240712,恒力石化,NA,CNY
14.43,14.5,14.31,14.35,12415100.0,600346.SH,20240715,恒力石化,NA,CNY
14.3,14.49,14.21,14.33,11337900.0,600346.SH,20240716,恒力石化,NA,CNY
14.3,14.39,14.15,14.34,10351300.0,600346.SH,20240717,恒力石化,NA,CNY
14.32,14.58,14.17,14.54,15480800.0,600346.SH,20240718,恒力石化,NA,CNY
14.57,14.76,14.32,14.65,15891200.0,600346.SH,20240719,恒力石化,NA,CNY
14.66,14.73,14.26,14.36,14340900.0,600346.SH,20240722,恒力石化,NA,CNY
14.31,14.33,13.65,13.65,19539100.0,600346.SH,20240723,恒力石化,NA,CNY
13.62,13.69,13.14,13.23,20120500.0,600346.SH,20240724,恒力石化,NA,CNY
13.23,13.5,13.17,13.39,12883300.0,600346.SH,20240725,恒力石化,NA,CNY
13.46,13.8,13.4,13.63,11611700.0,600346.SH,20240726,恒力石化,NA,CNY
13.68,13.75,13.55,13.61,9315200.0,600346.SH,20240729,恒力石化,NA,CNY
13.66,13.67,13.36,13.41,9514200.0,600346.SH,20240730,恒力石化,NA,CNY
13.5,13.99,13.37,13.97,15065500.0,600346.SH,20240731,恒力石化,NA,CNY
14.02,14.15,13.78,13.86,11844700.0,600346.SH,20240801,恒力石化,NA,CNY
13.79,13.94,13.45,13.51,15498500.0,600346.SH,20240802,恒力石化,NA,CNY
13.4,13.63,13.32,13.33,13208300.0,600346.SH,20240805,恒力石化,NA,CNY
13.39,13.57,13.32,13.4,8685200.0,600346.SH,20240806,恒力石化,NA,CNY
13.39,13.45,13.26,13.37,6153400.0,600346.SH,20240807,恒力石化,NA,CNY
13.37,13.73,13.3,13.65,11195400.0,600346.SH,20240808,恒力石化,NA,CNY
13.64,13.72,13.34,13.34,8826800.0,600346.SH,20240809,恒力石化,NA,CNY
13.33,13.55,13.27,13.48,8132200.0,600346.SH,20240812,恒力石化,NA,CNY
13.49,13.56,13.36,13.44,8103000.0,600346.SH,20240813,恒力石化,NA,CNY
13.43,13.46,13.03,13.11,12032300.0,600346.SH,20240814,恒力石化,NA,CNY
13.07,13.49,13.04,13.26,11120900.0,600346.SH,20240815,恒力石化,NA,CNY
13.26,13.45,13.15,13.4,9043600.0,600346.SH,20240816,恒力石化,NA,CNY
13.43,13.8,13.43,13.66,12193800.0,600346.SH,20240819,恒力石化,NA,CNY
13.7,13.76,13.39,13.46,8687300.0,600346.SH,20240820,恒力石化,NA,CNY
13.47,13.56,13.33,13.39,6477600.0,600346.SH,20240821,恒力石化,NA,CNY
13.4,13.56,13.23,13.39,9188400.0,600346.SH,20240822,恒力石化,NA,CNY
13.15,13.33,12.76,13.29,14940800.0,600346.SH,20240823,恒力石化,NA,CNY
13.3,13.38,13.0,13.22,12359000.0,600346.SH,20240826,恒力石化,NA,CNY
13.23,13.41,13.18,13.3,10753400.0,600346.SH,20240827,恒力石化,NA,CNY
13.31,13.59,13.29,13.51,11524400.0,600346.SH,20240828,恒力石化,NA,CNY
13.57,13.6,13.3,13.33,10532200.0,600346.SH,20240829,恒力石化,NA,CNY
13.3,13.73,13.14,13.43,14684000.0,600346.SH,20240830,恒力石化,NA,CNY
13.4,13.52,13.2,13.21,15149800.0,600346.SH,20240902,恒力石化,NA,CNY
13.15,13.42,13.06,13.31,9412500.0,600346.SH,20240903,恒力石化,NA,CNY
13.19,13.44,13.16,13.33,7474800.0,600346.SH,20240904,恒力石化,NA,CNY
13.33,13.36,12.78,12.96,22643100.0,600346.SH,20240905,恒力石化,NA,CNY
12.96,13.05,12.64,12.7,13625600.0,600346.SH,20240906,恒力石化,NA,CNY
12.65,12.69,12.42,12.48,12842400.0,600346.SH,20240909,恒力石化,NA,CNY
12.4,12.51,12.16,12.33,10439400.0,600346.SH,20240910,恒力石化,NA,CNY
12.24,12.35,12.13,12.26,8614100.0,600346.SH,20240911,恒力石化,NA,CNY
12.36,12.59,12.31,12.39,10665000.0,600346.SH,20240912,恒力石化,NA,CNY
12.4,12.63,12.39,12.46,9561100.0,600346.SH,20240913,恒力石化,NA,CNY
12.6,12.61,12.17,12.26,8893500.0,600346.SH,20240918,恒力石化,NA,CNY
12.26,12.77,12.25,12.63,14538900.0,600346.SH,20240919,恒力石化,NA,CNY
12.63,12.7,12.36,12.53,12152600.0,600346.SH,20240920,恒力石化,NA,CNY
12.53,12.59,12.42,12.45,7082100.0,600346.SH,20240923,恒力石化,NA,CNY
12.54,13.13,12.51,13.12,21161600.0,600346.SH,20240924,恒力石化,NA,CNY
13.3,13.55,13.19,13.23,19528600.0,600346.SH,20240925,恒力石化,NA,CNY
13.23,13.84,13.14,13.81,19249600.0,600346.SH,20240926,恒力石化,NA,CNY
13.98,14.46,13.98,14.46,16012800.0,600346.SH,20240927,恒力石化,NA,CNY
14.98,15.79,14.8,15.66,58055800.0,600346.SH,20240930,恒力石化,NA,CNY
17.22,17.23,16.0,16.51,70693100.0,600346.SH,20241008,恒力石化,NA,CNY
16.21,16.21,15.08,15.14,50291200.0,600346.SH,20241009,恒力石化,NA,CNY
15.16,15.65,14.98,15.11,29455500.0,600346.SH,20241010,恒力石化,NA,CNY
15.2,15.25,14.76,14.95,20893600.0,600346.SH,20241011,恒力石化,NA,CNY
14.91,15.14,14.81,14.96,22808900.0,600346.SH,20241014,恒力石化,NA,CNY
14.95,14.95,14.52,14.55,15955300.0,600346.SH,20241015,恒力石化,NA,CNY
14.46,14.6,14.23,14.32,17024900.0,600346.SH,20241016,恒力石化,NA,CNY
14.44,14.49,13.94,13.95,17725300.0,600346.SH,20241017,恒力石化,NA,CNY
13.96,14.85,13.9,14.63,30343200.0,600346.SH,20241018,恒力石化,NA,CNY
14.74,14.78,14.3,14.44,22953300.0,600346.SH,20241021,恒力石化,NA,CNY
14.4,14.64,14.37,14.6,15064100.0,600346.SH,20241022,恒力石化,NA,CNY
14.69,14.69,14.45,14.58,18926600.0,600346.SH,20241023,恒力石化,NA,CNY
14.51,14.61,14.38,14.41,12717300.0,600346.SH,20241024,恒力石化,NA,CNY
14.13,14.43,13.96,14.32,25564200.0,600346.SH,20241025,恒力石化,NA,CNY
14.31,14.35,14.02,14.3,21245200.0,600346.SH,20241028,恒力石化,NA,CNY
14.3,14.38,13.96,14.01,24631300.0,600346.SH,20241029,恒力石化,NA,CNY
13.97,14.07,13.77,13.89,20291800.0,600346.SH,20241030,恒力石化,NA,CNY
13.83,13.9,13.7,13.74,21049900.0,600346.SH,20241031,恒力石化,NA,CNY
13.7,13.97,13.67,13.74,26627500.0,600346.SH,20241101,恒力石化,NA,CNY
13.83,13.83,13.65,13.82,22751900.0,600346.SH,20241104,恒力石化,NA,CNY
13.78,14.08,13.73,14.08,31643000.0,600346.SH,20241105,恒力石化,NA,CNY
14.15,15.08,14.09,14.73,58051900.0,600346.SH,20241106,恒力石化,NA,CNY
14.76,15.25,14.56,15.25,38306600.0,600346.SH,20241107,恒力石化,NA,CNY
15.48,15.55,15.1,15.29,41092500.0,600346.SH,20241108,恒力石化,NA,CNY
15.21,15.3,14.83,15.18,30430200.0,600346.SH,20241111,恒力石化,NA,CNY
15.19,15.44,15.04,15.12,25111200.0,600346.SH,20241112,恒力石化,NA,CNY
15.08,15.45,15.01,15.17,17285000.0,600346.SH,20241113,恒力石化,NA,CNY
15.16,15.45,15.01,15.04,19282100.0,600346.SH,20241114,恒力石化,NA,CNY
15.03,15.2,14.8,14.93,21119200.0,600346.SH,20241115,恒力石化,NA,CNY
14.98,15.18,14.67,14.75,21988500.0,600346.SH,20241118,恒力石化,NA,CNY
14.76,15.02,14.7,15.01,19086400.0,600346.SH,20241119,恒力石化,NA,CNY
14.95,15.07,14.92,15.03,12870500.0,600346.SH,20241120,恒力石化,NA,CNY
14.96,15.11,14.7,14.73,16296500.0,600346.SH,20241121,恒力石化,NA,CNY
14.78,14.8,14.25,14.25,17707200.0,600346.SH,20241122,恒力石化,NA,CNY
14.25,14.43,14.06,14.14,16213100.0,600346.SH,20241125,恒力石化,NA,CNY
14.13,14.24,14.0,14.12,10303000.0,600346.SH,20241126,恒力石化,NA,CNY
14.15,14.3,14.02,14.23,14447800.0,600346.SH,20241127,恒力石化,NA,CNY
14.29,14.33,14.11,14.21,14308100.0,600346.SH,20241128,恒力石化,NA,CNY
14.31,14.5,14.21,14.36,19801700.0,600346.SH,20241129,恒力石化,NA,CNY
14.35,14.63,14.28,14.63,18939900.0,600346.SH,20241202,恒力石化,NA,CNY
14.62,14.75,14.5,14.63,12968000.0,600346.SH,20241203,恒力石化,NA,CNY
14.56,14.66,14.48,14.55,10857000.0,600346.SH,20241204,恒力石化,NA,CNY
14.48,14.52,14.3,14.37,12894600.0,600346.SH,20241205,恒力石化,NA,CNY
14.41,14.67,14.26,14.52,17091300.0,600346.SH,20241206,恒力石化,NA,CNY
14.52,15.05,14.46,14.85,24988100.0,600346.SH,20241209,恒力石化,NA,CNY
15.2,15.25,14.84,14.88,19293600.0,600346.SH,20241210,恒力石化,NA,CNY
14.85,15.09,14.83,15.04,15052700.0,600346.SH,20241211,恒力石化,NA,CNY
15.05,15.65,14.95,15.55,48942400.0,600346.SH,20241212,恒力石化,NA,CNY
15.6,15.6,15.22,15.31,30582800.0,600346.SH,20241213,恒力石化,NA,CNY
15.39,15.53,15.07,15.15,23039100.0,600346.SH,20241216,恒力石化,NA,CNY
15.18,15.36,15.1,15.22,15606600.0,600346.SH,20241217,恒力石化,NA,CNY
15.28,15.5,15.14,15.34,19445500.0,600346.SH,20241218,恒力石化,NA,CNY
15.4,15.46,15.13,15.25,15449200.0,600346.SH,20241219,恒力石化,NA,CNY
15.2,15.35,15.11,15.19,17791100.0,600346.SH,20241220,恒力石化,NA,CNY
15.2,15.52,15.2,15.31,18502500.0,600346.SH,20241223,恒力石化,NA,CNY
15.24,15.55,15.24,15.48,16982900.0,600346.SH,20241224,恒力石化,NA,CNY
15.47,15.54,15.32,15.4,11144900.0,600346.SH,20241225,恒力石化,NA,CNY
15.4,15.48,15.2,15.26,10957900.0,600346.SH,20241226,恒力石化,NA,CNY
15.26,15.4,15.18,15.28,11560500.0,600346.SH,20241227,恒力石化,NA,CNY
15.24,15.41,15.18,15.35,19052600.0,600346.SH,20241230,恒力石化,NA,CNY
15.42,15.62,15.28,15.35,20492900.0,600346.SH,20241231,恒力石化,NA,CNY
15.3,15.37,14.89,14.94,21247400.0,600346.SH,20250102,恒力石化,NA,CNY
14.98,15.18,14.85,14.9,15774500.0,600346.SH,20250103,恒力石化,NA,CNY
14.97,15.09,14.81,15.02,13688700.0,600346.SH,20250106,恒力石化,NA,CNY
15.12,15.14,14.85,15.1,11830400.0,600346.SH,20250107,恒力石化,NA,CNY
15.01,15.15,14.82,15.08,13506600.0,600346.SH,20250108,恒力石化,NA,CNY
15.0,15.1,14.89,15.0,9445200.0,600346.SH,20250109,恒力石化,NA,CNY
15.13,15.63,14.85,14.85,19466500.0,600346.SH,20250110,恒力石化,NA,CNY
14.78,15.29,14.78,14.84,18355800.0,600346.SH,20250113,恒力石化,NA,CNY
14.76,15.14,14.67,15.04,16368500.0,600346.SH,20250114,恒力石化,NA,CNY
14.96,15.1,14.79,14.85,13330900.0,600346.SH,20250115,恒力石化,NA,CNY
14.85,15.0,14.76,14.82,9661500.0,600346.SH,20250116,恒力石化,NA,CNY
14.68,15.03,14.68,14.94,10218300.0,600346.SH,20250117,恒力石化,NA,CNY
14.95,15.07,14.8,14.81,11316200.0,600346.SH,20250120,恒力石化,NA,CNY
14.87,14.89,14.56,14.62,13127900.0,600346.SH,20250121,恒力石化,NA,CNY
14.6,14.77,14.42,14.69,12609200.0,600346.SH,20250122,恒力石化,NA,CNY
14.78,14.86,14.61,14.62,10481800.0,600346.SH,20250123,恒力石化,NA,CNY
14.61,14.81,14.45,14.76,19083800.0,600346.SH,20250124,恒力石化,NA,CNY
14.77,15.22,14.74,14.98,16633800.0,600346.SH,20250127,恒力石化,NA,CNY
15.05,15.05,14.83,14.99,9908600.0,600346.SH,20250205,恒力石化,NA,CNY
14.88,15.17,14.84,14.9,13166000.0,600346.SH,20250206,恒力石化,NA,CNY
14.85,15.05,14.84,14.99,13196600.0,600346.SH,20250207,恒力石化,NA,CNY
14.93,15.5,14.86,15.42,23138500.0,600346.SH,20250210,恒力石化,NA,CNY
15.39,15.65,15.35,15.48,13064200.0,600346.SH,20250211,恒力石化,NA,CNY
15.44,15.69,15.39,15.46,11898800.0,600346.SH,20250212,恒力石化,NA,CNY
15.48,15.93,15.48,15.57,16222400.0,600346.SH,20250213,恒力石化,NA,CNY
15.5,15.66,15.37,15.58,12260600.0,600346.SH,20250214,恒力石化,NA,CNY
15.58,15.71,15.4,15.56,11688100.0,600346.SH,20250217,恒力石化,NA,CNY
15.56,15.8,15.47,15.67,14768300.0,600346.SH,20250218,恒力石化,NA,CNY
15.66,15.76,15.47,15.58,9559000.0,600346.SH,20250219,恒力石化,NA,CNY
15.58,15.61,15.4,15.46,9308000.0,600346.SH,20250220,恒力石化,NA,CNY
15.47,15.52,15.18,15.27,13062800.0,600346.SH,20250221,恒力石化,NA,CNY
15.21,15.4,15.2,15.29,9395600.0,600346.SH,20250224,恒力石化,NA,CNY
15.26,15.26,14.99,15.02,10778400.0,600346.SH,20250225,恒力石化,NA,CNY
15.1,15.2,15.02,15.08,8605800.0,600346.SH,20250226,恒力石化,NA,CNY
15.09,15.66,15.02,15.65,22630500.0,600346.SH,20250227,恒力石化,NA,CNY
15.72,15.8,15.57,15.66,17454200.0,600346.SH,20250228,恒力石化,NA,CNY
15.66,15.9,15.65,15.77,13287300.0,600346.SH,20250303,恒力石化,NA,CNY
15.73,16.14,15.66,16.1,20316400.0,600346.SH,20250304,恒力石化,NA,CNY
16.16,16.25,15.87,15.88,10622100.0,600346.SH,20250305,恒力石化,NA,CNY
15.93,16.0,15.7,15.89,11265100.0,600346.SH,20250306,恒力石化,NA,CNY
15.81,15.93,15.72,15.74,8804700.0,600346.SH,20250307,恒力石化,NA,CNY
15.7,15.93,15.62,15.89,12666900.0,600346.SH,20250310,恒力石化,NA,CNY
15.79,16.33,15.74,16.32,19323000.0,600346.SH,20250311,恒力石化,NA,CNY
16.32,16.33,15.84,15.87,15982000.0,600346.SH,20250312,恒力石化,NA,CNY
15.88,15.99,15.81,15.92,8471800.0,600346.SH,20250313,恒力石化,NA,CNY
15.92,15.98,15.7,15.75,13415000.0,600346.SH,20250314,恒力石化,NA,CNY
15.74,15.82,15.62,15.76,10242300.0,600346.SH,20250317,恒力石化,NA,CNY
15.76,15.98,15.72,15.82,11406000.0,600346.SH,20250318,恒力石化,NA,CNY
15.79,15.88,15.67,15.72,8247800.0,600346.SH,20250319,恒力石化,NA,CNY
15.73,15.79,15.55,15.63,10372900.0,600346.SH,20250320,恒力石化,NA,CNY
15.63,15.81,15.5,15.55,10730500.0,600346.SH,20250321,恒力石化,NA,CNY
15.55,15.68,15.47,15.56,8626600.0,600346.SH,20250324,恒力石化,NA,CNY
15.62,15.73,15.49,15.72,8470400.0,600346.SH,20250325,恒力石化,NA,CNY
15.72,15.78,15.51,15.55,7485100.0,600346.SH,20250326,恒力石化,NA,CNY
15.54,15.73,15.51,15.64,5850200.0,600346.SH,20250327,恒力石化,NA,CNY
15.61,15.65,15.35,15.49,8281900.0,600346.SH,20250328,恒力石化,NA,CNY
15.38,15.48,15.28,15.37,8038100.0,600346.SH,20250331,恒力石化,NA,CNY
15.41,15.46,15.23,15.42,7445900.0,600346.SH,20250401,恒力石化,NA,CNY
15.4,15.55,15.36,15.5,6764500.0,600346.SH,20250402,恒力石化,NA,CNY
15.45,15.66,15.41,15.46,8369500.0,600346.SH,20250403,恒力石化,NA,CNY
15.01,15.22,14.31,14.8,34731100.0,600346.SH,20250407,恒力石化,NA,CNY
14.76,14.99,14.61,14.98,28686600.0,600346.SH,20250408,恒力石化,NA,CNY
14.84,15.15,14.67,15.13,25083000.0,600346.SH,20250409,恒力石化,NA,CNY
15.26,15.33,14.94,15.22,12873600.0,600346.SH,20250410,恒力石化,NA,CNY
15.14,15.2,15.02,15.14,8849900.0,600346.SH,20250411,恒力石化,NA,CNY
15.15,15.21,14.97,15.03,17005900.0,600346.SH,20250414,恒力石化,NA,CNY
15.0,15.14,14.87,15.1,13711000.0,600346.SH,20250415,恒力石化,NA,CNY
15.01,15.5,14.92,15.5,16597100.0,600346.SH,20250416,恒力石化,NA,CNY
15.4,15.41,15.05,15.22,14973300.0,600346.SH,20250417,恒力石化,NA,CNY
15.16,15.35,15.07,15.22,7333400.0,600346.SH,20250418,恒力石化,NA,CNY
15.3,15.66,15.23,15.64,12751700.0,600346.SH,20250421,恒力石化,NA,CNY
15.59,15.75,15.51,15.58,9429000.0,600346.SH,20250422,恒力石化,NA,CNY
15.58,15.61,15.37,15.57,6120700.0,600346.SH,20250423,恒力石化,NA,CNY
15.54,15.6,15.41,15.53,5947000.0,600346.SH,20250424,恒力石化,NA,CNY
15.56,15.65,15.43,15.48,4874300.0,600346.SH,20250425,恒力石化,NA,CNY
15.45,15.48,15.33,15.41,5648500.0,600346.SH,20250428,恒力石化,NA,CNY
15.46,15.46,15.33,15.35,4715400.0,600346.SH,20250429,恒力石化,NA,CNY
15.33,15.42,15.27,15.29,5251100.0,600346.SH,20250430,恒力石化,NA,CNY
15.28,15.65,15.04,15.63,13999300.0,600346.SH,20250506,恒力石化,NA,CNY
15.72,15.85,15.6,15.84,11335800.0,600346.SH,20250507,恒力石化,NA,CNY
15.8,15.87,15.7,15.84,7212100.0,600346.SH,20250508,恒力石化,NA,CNY
15.87,15.95,15.61,15.65,7397800.0,600346.SH,20250509,恒力石化,NA,CNY
15.69,15.79,15.56,15.62,6181500.0,600346.SH,20250512,恒力石化,NA,CNY
15.7,15.72,15.6,15.67,5968400.0,600346.SH,20250513,恒力石化,NA,CNY
15.71,15.83,15.56,15.6,10324500.0,600346.SH,20250514,恒力石化,NA,CNY
15.54,15.85,15.5,15.81,13641000.0,600346.SH,20250515,恒力石化,NA,CNY
15.75,15.97,15.75,15.97,11438100.0,600346.SH,20250516,恒力石化,NA,CNY
15.95,16.02,15.7,15.78,8357900.0,600346.SH,20250519,恒力石化,NA,CNY
15.78,15.92,15.62,15.8,6745700.0,600346.SH,20250520,恒力石化,NA,CNY
15.8,15.95,15.8,15.86,5739100.0,600346.SH,20250521,恒力石化,NA,CNY
15.85,15.94,15.66,15.67,5763500.0,600346.SH,20250522,恒力石化,NA,CNY
15.68,15.81,15.55,15.55,5783100.0,600346.SH,20250523,恒力石化,NA,CNY
15.55,15.63,15.36,15.4,6179900.0,600346.SH,20250526,恒力石化,NA,CNY
15.39,15.48,15.31,15.44,5400900.0,600346.SH,20250527,恒力石化,NA,CNY
15.46,15.46,15.21,15.22,5683200.0,600346.SH,20250528,恒力石化,NA,CNY
15.22,15.33,15.06,15.23,9213100.0,600346.SH,20250529,恒力石化,NA,CNY
15.23,15.31,15.13,15.15,6277700.0,600346.SH,20250530,恒力石化,NA,CNY
15.12,15.14,14.95,15.03,9233700.0,600346.SH,20250603,恒力石化,NA,CNY
15.02,15.07,14.95,15.0,5760900.0,600346.SH,20250604,恒力石化,NA,CNY
15.02,15.1,14.93,14.96,6983400.0,600346.SH,20250605,恒力石化,NA,CNY
15.01,15.11,14.95,14.98,7975600.0,600346.SH,20250606,恒力石化,NA,CNY
14.98,15.12,14.91,15.09,9540600.0,600346.SH,20250609,恒力石化,NA,CNY
15.1,15.31,14.85,14.93,10674900.0,600346.SH,20250610,恒力石化,NA,CNY
14.93,15.02,14.87,14.89,10904600.0,600346.SH,20250611,恒力石化,NA,CNY
14.96,14.97,14.75,14.95,12410900.0,600346.SH,20250612,恒力石化,NA,CNY
15.03,15.22,14.99,15.19,17428300.0,600346.SH,20250613,恒力石化,NA,CNY
15.2,15.25,15.0,15.0,10920700.0,600346.SH,20250616,恒力石化,NA,CNY
15.02,15.06,14.78,14.87,10272600.0,600346.SH,20250617,恒力石化,NA,CNY
14.9,14.97,14.73,14.73,9532000.0,600346.SH,20250618,恒力石化,NA,CNY
14.28,14.38,14.06,14.18,13081600.0,600346.SH,20250619,恒力石化,NA,CNY
14.18,14.25,13.95,14.1,18465100.0,600346.SH,20250620,恒力石化,NA,CNY
14.05,14.33,13.92,14.2,18125800.0,600346.SH,20250623,恒力石化,NA,CNY
14.19,14.3,13.93,14.25,19735000.0,600346.SH,20250624,恒力石化,NA,CNY
14.25,14.25,14.1,14.22,13009400.0,600346.SH,20250625,恒力石化,NA,CNY
14.2,14.38,14.16,14.18,14994900.0,600346.SH,20250626,恒力石化,NA,CNY
14.25,14.32,14.13,14.27,12975100.0,600346.SH,20250627,恒力石化,NA,CNY
14.27,14.31,14.15,14.26,12317200.0,600346.SH,20250630,恒力石化,NA,CNY
14.29,14.29,14.09,14.19,8765500.0,600346.SH,20250701,恒力石化,NA,CNY
14.23,14.26,14.12,14.22,7419500.0,600346.SH,20250702,恒力石化,NA,CNY
14.22,14.39,14.2,14.38,9152300.0,600346.SH,20250703,恒力石化,NA,CNY
14.37,14.39,14.2,14.22,7459000.0,600346.SH,20250704,恒力石化,NA,CNY
14.23,14.3,14.14,14.17,7412900.0,600346.SH,20250707,恒力石化,NA,CNY
14.19,14.32,14.14,14.25,7207300.0,600346.SH,20250708,恒力石化,NA,CNY
14.25,14.29,14.07,14.08,12435200.0,600346.SH,20250709,恒力石化,NA,CNY
14.06,14.14,14.05,14.06,11953100.0,600346.SH,20250710,恒力石化,NA,CNY
14.08,14.26,13.99,13.99,21942900.0,600346.SH,20250711,恒力石化,NA,CNY
14.03,14.14,14.0,14.0,14128100.0,600346.SH,20250714,恒力石化,NA,CNY
14.0,14.11,13.8,13.87,23446100.0,600346.SH,20250715,恒力石化,NA,CNY
13.87,13.97,13.84,13.87,12667100.0,600346.SH,20250716,恒力石化,NA,CNY
13.89,13.89,13.76,13.88,13540700.0,600346.SH,20250717,恒力石化,NA,CNY
13.88,14.05,13.85,14.01,32008500.0,600346.SH,20250718,恒力石化,NA,CNY
14.29,15.19,14.22,14.88,70363000.0,600346.SH,20250721,恒力石化,NA,CNY
14.83,15.8,14.81,15.78,62719600.0,600346.SH,20250722,恒力石化,NA,CNY
15.77,16.0,15.61,15.87,52320400.0,600346.SH,20250723,恒力石化,NA,CNY
15.84,15.86,15.53,15.64,33569600.0,600346.SH,20250724,恒力石化,NA,CNY
15.65,16.14,15.65,15.68,27715600.0,600346.SH,20250725,恒力石化,NA,CNY
15.76,15.81,15.4,15.71,22184200.0,600346.SH,20250728,恒力石化,NA,CNY
15.7,15.76,15.41,15.53,19629000.0,600346.SH,20250729,恒力石化,NA,CNY
15.55,16.29,15.51,16.1,35820400.0,600346.SH,20250730,恒力石化,NA,CNY
16.08,16.08,15.35,15.45,22705400.0,600346.SH,20250731,恒力石化,NA,CNY
15.43,15.59,15.33,15.41,15721700.0,600346.SH,20250801,恒力石化,NA,CNY
15.36,15.59,15.15,15.26,13541400.0,600346.SH,20250804,恒力石化,NA,CNY
15.36,15.38,15.17,15.24,10933800.0,600346.SH,20250805,恒力石化,NA,CNY
15.21,15.3,15.12,15.25,10989000.0,600346.SH,20250806,恒力石化,NA,CNY
15.29,15.4,15.08,15.11,13996600.0,600346.SH,20250807,恒力石化,NA,CNY
15.16,15.43,15.11,15.26,12448200.0,600346.SH,20250808,恒力石化,NA,CNY
15.26,15.4,15.15,15.27,18461400.0,600346.SH,20250811,恒力石化,NA,CNY
15.27,15.55,15.18,15.23,25527100.0,600346.SH,20250812,恒力石化,NA,CNY
15.24,15.3,15.06,15.08,21494500.0,600346.SH,20250813,恒力石化,NA,CNY
15.09,15.2,14.9,14.96,19470300.0,600346.SH,20250814,恒力石化,NA,CNY
14.9,15.42,14.9,15.17,27127500.0,600346.SH,20250815,恒力石化,NA,CNY
15.21,15.35,15.12,15.12,21851300.0,600346.SH,20250818,恒力石化,NA,CNY
15.13,15.28,15.0,15.01,18774000.0,600346.SH,20250819,恒力石化,NA,CNY
14.95,16.51,14.95,16.5,89913900.0,600346.SH,20250820,恒力石化,NA,CNY
16.64,17.11,16.34,16.81,81367400.0,600346.SH,20250821,恒力石化,NA,CNY
16.8,17.2,16.77,17.1,54831000.0,600346.SH,20250822,恒力石化,NA,CNY
17.1,17.5,16.84,17.15,45815900.0,600346.SH,20250825,恒力石化,NA,CNY
17.14,17.95,17.06,17.53,45837800.0,600346.SH,20250826,恒力石化,NA,CNY
17.41,17.69,17.01,17.26,33061500.0,600346.SH,20250827,恒力石化,NA,CNY
17.17,17.66,17.17,17.64,28965700.0,600346.SH,20250828,恒力石化,NA,CNY
17.61,17.81,17.42,17.61,27657800.0,600346.SH,20250829,恒力石化,NA,CNY
17.61,18.0,17.37,17.75,32007300.0,600346.SH,20250901,恒力石化,NA,CNY
17.69,17.81,17.43,17.58,25779200.0,600346.SH,20250902,恒力石化,NA,CNY
17.58,17.74,17.15,17.55,23489000.0,600346.SH,20250903,恒力石化,NA,CNY
17.45,17.54,16.8,17.14,32437000.0,600346.SH,20250904,恒力石化,NA,CNY
17.0,17.37,17.0,17.2,20321900.0,600346.SH,20250905,恒力石化,NA,CNY
17.2,17.77,17.2,17.7,35586600.0,600346.SH,20250908,恒力石化,NA,CNY
17.69,17.79,17.25,17.45,21009000.0,600346.SH,20250909,恒力石化,NA,CNY
17.41,17.46,17.15,17.23,15334000.0,600346.SH,20250910,恒力石化,NA,CNY
17.23,17.44,17.07,17.29,19839900.0,600346.SH,20250911,恒力石化,NA,CNY
17.29,17.36,16.83,16.96,25552200.0,600346.SH,20250912,恒力石化,NA,CNY
16.97,17.07,16.76,16.89,16605000.0,600346.SH,20250915,恒力石化,NA,CNY
17.06,17.55,16.55,16.88,26568600.0,600346.SH,20250916,恒力石化,NA,CNY
16.8,17.0,16.65,16.89,12713400.0,600346.SH,20250917,恒力石化,NA,CNY
16.89,16.95,16.51,16.63,17546400.0,600346.SH,20250918,恒力石化,NA,CNY
16.67,17.06,16.66,16.98,24775500.0,600346.SH,20250919,恒力石化,NA,CNY
16.95,16.95,16.58,16.62,22615400.0,600346.SH,20250922,恒力石化,NA,CNY
16.64,16.71,16.3,16.46,20634800.0,600346.SH,20250923,恒力石化,NA,CNY
16.55,16.56,16.17,16.29,20172800.0,600346.SH,20250924,恒力石化,NA,CNY
16.3,16.42,16.11,16.4,18329800.0,600346.SH,20250925,恒力石化,NA,CNY
16.3,17.34,16.14,16.97,47058900.0,600346.SH,20250926,恒力石化,NA,CNY
17.05,17.08,16.71,17.0,27359500.0,600346.SH,20250929,恒力石化,NA,CNY
16.91,17.18,16.6,17.14,25501500.0,600346.SH,20250930,恒力石化,NA,CNY
17.06,17.47,16.4,17.44,31860600.0,600346.SH,20251009,恒力石化,NA,CNY
17.2,17.88,17.17,17.63,29278200.0,600346.SH,20251010,恒力石化,NA,CNY
17.22,17.43,16.88,17.18,25540900.0,600346.SH,20251013,恒力石化,NA,CNY
17.26,17.34,16.81,16.85,20642000.0,600346.SH,20251014,恒力石化,NA,CNY
16.91,17.04,16.67,16.88,16999000.0,600346.SH,20251015,恒力石化,NA,CNY
16.85,16.92,16.64,16.72,15028500.0,600346.SH,20251016,恒力石化,NA,CNY
16.68,16.85,16.38,16.41,13101000.0,600346.SH,20251017,恒力石化,NA,CNY
16.5,16.53,16.2,16.27,14381200.0,600346.SH,20251020,恒力石化,NA,CNY
16.27,16.45,16.25,16.38,9499300.0,600346.SH,20251021,恒力石化,NA,CNY
16.31,16.77,16.27,16.63,14753100.0,600346.SH,20251022,恒力石化,NA,CNY
16.58,17.75,16.57,17.6,39973900.0,600346.SH,20251023,恒力石化,NA,CNY
17.45,17.65,16.73,16.87,33970600.0,600346.SH,20251024,恒力石化,NA,CNY
16.81,17.14,16.7,17.07,18340700.0,600346.SH,20251027,恒力石化,NA,CNY
17.25,17.8,17.25,17.31,28241300.0,600346.SH,20251028,恒力石化,NA,CNY
17.24,18.11,17.04,17.81,30949600.0,600346.SH,20251029,恒力石化,NA,CNY
17.8,18.11,17.61,17.82,23154800.0,600346.SH,20251030,恒力石化,NA,CNY
17.85,18.28,17.71,17.95,26260600.0,600346.SH,20251031,恒力石化,NA,CNY
17.94,18.21,17.72,17.95,18959300.0,600346.SH,20251103,恒力石化,NA,CNY
17.93,18.07,17.46,17.58,17731700.0,600346.SH,20251104,恒力石化,NA,CNY
17.43,17.67,17.34,17.47,12054400.0,600346.SH,20251105,恒力石化,NA,CNY
17.47,18.58,17.43,18.52,39546000.0,600346.SH,20251106,恒力石化,NA,CNY
18.46,19.75,18.32,19.39,59094500.0,600346.SH,20251107,恒力石化,NA,CNY
19.39,20.63,19.23,20.2,58384100.0,600346.SH,20251110,恒力石化,NA,CNY
20.09,20.26,19.85,20.09,25278100.0,600346.SH,20251111,恒力石化,NA,CNY
20.13,20.21,19.7,19.92,20163100.0,600346.SH,20251112,恒力石化,NA,CNY
19.9,20.14,19.65,19.89,23059900.0,600346.SH,20251113,恒力石化,NA,CNY
19.8,20.28,19.58,19.65,25636800.0,600346.SH,20251114,恒力石化,NA,CNY
19.66,20.98,19.36,20.39,48260900.0,600346.SH,20251117,恒力石化,NA,CNY
20.4,20.59,19.42,19.6,30840600.0,600346.SH,20251118,恒力石化,NA,CNY
19.58,19.85,19.24,19.77,24403900.0,600346.SH,20251119,恒力石化,NA,CNY
19.77,19.77,19.01,19.07,22856200.0,600346.SH,20251120,恒力石化,NA,CNY
18.85,19.02,18.54,18.61,31455800.0,600346.SH,20251121,恒力石化,NA,CNY
18.61,18.77,18.34,18.45,17537400.0,600346.SH,20251124,恒力石化,NA,CNY
18.55,18.7,18.33,18.44,15523200.0,600346.SH,20251125,恒力石化,NA,CNY
18.4,18.64,18.3,18.36,10451400.0,600346.SH,20251126,恒力石化,NA,CNY
18.4,18.88,18.3,18.81,19370500.0,600346.SH,20251127,恒力石化,NA,CNY
18.8,19.09,18.64,18.91,18217400.0,600346.SH,20251128,恒力石化,NA,CNY
19.08,19.49,18.91,19.2,24527800.0,600346.SH,20251201,恒力石化,NA,CNY
19.2,19.65,19.13,19.2,19528200.0,600346.SH,20251202,恒力石化,NA,CNY
19.14,19.68,19.03,19.59,18915200.0,600346.SH,20251203,恒力石化,NA,CNY
19.4,19.53,18.86,19.08,16228600.0,600346.SH,20251204,恒力石化,NA,CNY
19.03,19.5,18.9,19.36,13181500.0,600346.SH,20251205,恒力石化,NA,CNY
19.37,19.46,18.71,18.99,19855500.0,600346.SH,20251208,恒力石化,NA,CNY
18.88,19.29,18.69,18.9,13295100.0,600346.SH,20251209,恒力石化,NA,CNY
18.85,18.99,18.6,18.94,9703500.0,600346.SH,20251210,恒力石化,NA,CNY
18.96,19.13,18.61,18.63,12830600.0,600346.SH,20251211,恒力石化,NA,CNY
18.63,18.74,18.24,18.35,17367200.0,600346.SH,20251212,恒力石化,NA,CNY
18.26,18.98,18.2,18.88,20731900.0,600346.SH,20251215,恒力石化,NA,CNY
18.81,18.94,18.29,18.46,22295300.0,600346.SH,20251216,恒力石化,NA,CNY
18.42,18.88,18.37,18.78,23371500.0,600346.SH,20251217,恒力石化,NA,CNY
18.9,19.63,18.85,19.0,31539100.0,600346.SH,20251218,恒力石化,NA,CNY
19.32,19.6,19.1,19.16,24083600.0,600346.SH,20251219,恒力石化,NA,CNY
19.49,20.13,19.48,20.03,43851400.0,600346.SH,20251222,恒力石化,NA,CNY
20.04,20.14,19.65,19.96,22294000.0,600346.SH,20251223,恒力石化,NA,CNY
19.96,20.44,19.58,20.34,28640400.0,600346.SH,20251224,恒力石化,NA,CNY
20.34,20.93,20.21,20.74,29865400.0,600346.SH,20251225,恒力石化,NA,CNY
20.92,21.52,20.68,21.27,35325200.0,600346.SH,20251226,恒力石化,NA,CNY
21.1,21.6,20.88,21.0,29801000.0,600346.SH,20251229,恒力石化,NA,CNY
20.92,22.8,20.9,22.43,56250000.0,600346.SH,20251230,恒力石化,NA,CNY
22.42,22.58,22.01,22.53,33167300.0,600346.SH,20251231,恒力石化,NA,CNY
22.2,22.23,21.56,22.01,39643900.0,600346.SH,20260105,恒力石化,NA,CNY
21.98,24.21,21.98,23.84,83452300.0,600346.SH,20260106,恒力石化,NA,CNY
23.5,24.13,23.5,23.65,38067900.0,600346.SH,20260107,恒力石化,NA,CNY
23.33,24.4,23.02,23.79,33055900.0,600346.SH,20260108,恒力石化,NA,CNY
24.0,24.25,22.88,23.22,34752600.0,600346.SH,20260109,恒力石化,NA,CNY
23.44,23.45,22.6,22.67,34484900.0,600346.SH,20260112,恒力石化,NA,CNY
22.68,23.98,22.51,23.83,40713800.0,600346.SH,20260113,恒力石化,NA,CNY
23.3,24.78,23.3,23.93,41534100.0,600346.SH,20260114,恒力石化,NA,CNY
23.65,24.42,23.59,23.75,27709600.0,600346.SH,20260115,恒力石化,NA,CNY
23.71,23.98,23.23,23.46,27188600.0,600346.SH,20260116,恒力石化,NA,CNY
23.39,25.16,23.26,25.08,49447400.0,600346.SH,20260119,恒力石化,NA,CNY
25.2,26.79,25.08,26.74,64230200.0,600346.SH,20260120,恒力石化,NA,CNY
26.48,26.9,25.75,26.3,45040800.0,600346.SH,20260121,恒力石化,NA,CNY
26.53,26.98,26.16,26.45,39819600.0,600346.SH,20260122,恒力石化,NA,CNY
26.98,27.12,25.86,26.15,42790200.0,600346.SH,20260123,恒力石化,NA,CNY
26.13,27.26,26.08,26.1,47638500.0,600346.SH,20260126,恒力石化,NA,CNY
26.0,26.91,25.64,25.75,36339400.0,600346.SH,20260127,恒力石化,NA,CNY
25.9,27.12,25.6,25.77,73021600.0,600346.SH,20260128,恒力石化,NA,CNY
25.77,26.39,25.66,26.0,41729900.0,600346.SH,20260129,恒力石化,NA,CNY
25.99,26.8,25.3,26.1,40006900.0,600346.SH,20260130,恒力石化,NA,CNY
25.58,25.66,23.7,24.0,68399900.0,600346.SH,20260202,恒力石化,NA,CNY
24.48,25.0,23.85,24.73,65035500.0,600346.SH,20260203,恒力石化,NA,CNY
25.18,25.62,24.68,24.85,52712200.0,600346.SH,20260204,恒力石化,NA,CNY
24.85,25.17,23.75,24.05,42307300.0,600346.SH,20260205,恒力石化,NA,CNY
23.61,24.96,23.26,24.72,55171600.0,600346.SH,20260206,恒力石化,NA,CNY
25.01,25.2,24.3,24.91,38939000.0,600346.SH,20260209,恒力石化,NA,CNY
24.96,25.0,24.25,24.65,31576700.0,600346.SH,20260210,恒力石化,NA,CNY
24.65,26.39,24.38,25.69,82279600.0,600346.SH,20260211,恒力石化,NA,CNY
25.63,26.1,25.2,25.32,28178700.0,600346.SH,20260212,恒力石化,NA,CNY
25.0,25.23,24.4,24.57,27390500.0,600346.SH,20260213,恒力石化,NA,CNY
25.0,25.85,24.54,25.39,41459400.0,600346.SH,20260224,恒力石化,NA,CNY
25.41,26.5,25.25,25.42,56626100.0,600346.SH,20260225,恒力石化,NA,CNY
25.4,26.17,25.02,25.29,34858800.0,600346.SH,20260226,恒力石化,NA,CNY
25.17,26.4,25.17,25.7,48427800.0,600346.SH,20260227,恒力石化,NA,CNY
26.65,26.76,25.36,26.5,78962200.0,600346.SH,20260302,恒力石化,NA,CNY
26.53,27.0,25.66,26.02,77283100.0,600346.SH,20260303,恒力石化,NA,CNY
25.0,25.0,23.51,23.77,81022300.0,600346.SH,20260304,恒力石化,NA,CNY
24.1,25.87,23.7,25.38,67018000.0,600346.SH,20260305,恒力石化,NA,CNY
25.01,25.66,24.4,25.36,40657900.0,600346.SH,20260306,恒力石化,NA,CNY
26.31,26.32,22.82,22.88,91808100.0,600346.SH,20260309,恒力石化,NA,CNY
22.88,23.23,22.18,22.27,66384100.0,600346.SH,20260310,恒力石化,NA,CNY
22.25,22.3,21.55,22.0,57125200.0,600346.SH,20260311,恒力石化,NA,CNY
22.28,23.09,21.3,22.48,80304700.0,600346.SH,20260312,恒力石化,NA,CNY
22.08,23.56,21.73,22.96,79212200.0,600346.SH,20260313,恒力石化,NA,CNY
22.85,23.19,21.8,22.14,48914000.0,600346.SH,20260316,恒力石化,NA,CNY
22.0,22.57,21.97,22.05,34713300.0,600346.SH,20260317,恒力石化,NA,CNY
22.04,23.2,21.61,22.9,45593800.0,600346.SH,20260318,恒力石化,NA,CNY
22.6,22.75,21.15,21.28,72711200.0,600346.SH,20260319,恒力石化,NA,CNY
21.3,21.71,20.65,20.7,46151200.0,600346.SH,20260320,恒力石化,NA,CNY
20.34,21.04,19.98,20.27,55480900.0,600346.SH,20260323,恒力石化,NA,CNY
20.54,20.57,19.81,20.29,39015100.0,600346.SH,20260324,恒力石化,NA,CNY
20.5,21.86,20.5,21.5,49814900.0,600346.SH,20260325,恒力石化,NA,CNY
21.5,21.71,21.01,21.13,24835600.0,600346.SH,20260326,恒力石化,NA,CNY
21.01,21.69,20.83,21.36,27858300.0,600346.SH,20260327,恒力石化,NA,CNY
20.95,22.12,20.93,21.97,34636100.0,600346.SH,20260330,恒力石化,NA,CNY
21.93,22.12,21.43,21.65,26833200.0,600346.SH,20260331,恒力石化,NA,CNY
22.01,22.53,21.8,22.2,25540400.0,600346.SH,20260401,恒力石化,NA,CNY
22.3,22.49,22.0,22.27,20006300.0,600346.SH,20260402,恒力石化,NA,CNY
22.25,22.25,21.44,21.56,25283700.0,600346.SH,20260403,恒力石化,NA,CNY
21.55,23.11,21.44,22.74,34161900.0,600346.SH,20260407,恒力石化,NA,CNY
22.99,23.5,22.68,23.24,45809800.0,600346.SH,20260408,恒力石化,NA,CNY
22.85,23.86,22.8,23.43,32119800.0,600346.SH,20260409,恒力石化,NA,CNY
23.43,23.44,23.08,23.16,25817300.0,600346.SH,20260410,恒力石化,NA,CNY
23.27,23.27,21.88,22.11,50383000.0,600346.SH,20260413,恒力石化,NA,CNY
22.4,23.08,22.1,22.79,41982700.0,600346.SH,20260414,恒力石化,NA,CNY
23.3,23.8,22.35,23.68,51380100.0,600346.SH,20260415,恒力石化,NA,CNY
23.9,24.5,23.57,24.3,40951400.0,600346.SH,20260416,恒力石化,NA,CNY
24.11,24.42,23.26,23.33,29995800.0,600346.SH,20260417,恒力石化,NA,CNY
23.54,24.55,23.3,23.81,31755800.0,600346.SH,20260420,恒力石化,NA,CNY
24.0,25.11,23.44,24.94,43348100.0,600346.SH,20260421,恒力石化,NA,CNY
24.94,24.95,24.17,24.35,44774500.0,600346.SH,20260422,恒力石化,NA,CNY
24.36,24.47,23.85,24.12,23599600.0,600346.SH,20260423,恒力石化,NA,CNY
23.92,24.14,23.01,23.44,35008700.0,600346.SH,20260424,恒力石化,NA,CNY
21.1,21.5,21.1,21.1,26521000.0,600346.SH,20260427,恒力石化,NA,CNY
20.02,21.89,20.02,21.56,90319200.0,600346.SH,20260428,恒力石化,NA,CNY
21.48,22.38,20.93,22.22,43871500.0,600346.SH,20260429,恒力石化,NA,CNY
22.15,22.5,21.99,22.09,44149800.0,600346.SH,20260430,恒力石化,NA,CNY
22.45,23.08,21.76,22.85,54146700.0,600346.SH,20260506,恒力石化,NA,CNY
22.84,22.84,22.09,22.42,41477400.0,600346.SH,20260507,恒力石化,NA,CNY
22.29,22.77,21.7,22.39,54914700.0,600346.SH,20260508,恒力石化,NA,CNY
22.29,22.97,22.0,22.55,55771200.0,600346.SH,20260511,恒力石化,NA,CNY
22.55,22.92,22.33,22.61,30225100.0,600346.SH,20260512,恒力石化,NA,CNY
22.56,22.77,21.94,22.57,39693400.0,600346.SH,20260513,恒力石化,NA,CNY
22.54,23.23,22.13,22.13,30138000.0,600346.SH,20260514,恒力石化,NA,CNY
22.28,22.28,21.02,21.09,40958400.0,600346.SH,20260515,恒力石化,NA,CNY
20.97,21.07,20.19,20.51,43106400.0,600346.SH,20260518,恒力石化,NA,CNY
20.47,20.57,19.94,20.04,27908400.0,600346.SH,20260519,恒力石化,NA,CNY
20.02,20.05,19.58,19.87,28763000.0,600346.SH,20260520,恒力石化,NA,CNY
19.88,20.0,18.94,18.95,37477100.0,600346.SH,20260521,恒力石化,NA,CNY
18.94,19.06,18.41,18.53,51407500.0,600346.SH,20260522,恒力石化,NA,CNY
18.74,19.29,18.43,18.47,34624000.0,600346.SH,20260525,恒力石化,NA,CNY
18.58,18.88,18.21,18.69,36588000.0,600346.SH,20260526,恒力石化,NA,CNY
18.6,18.77,17.38,17.65,53944900.0,600346.SH,20260527,恒力石化,NA,CNY
17.64,17.99,17.1,17.24,48369800.0,600346.SH,20260528,恒力石化,NA,CNY
17.24,17.79,17.12,17.19,54047800.0,600346.SH,20260529,恒力石化,NA,CNY
17.49,18.04,17.12,17.76,55266800.0,600346.SH,20260601,恒力石化,NA,CNY
17.5,18.05,17.28,17.79,47105700.0,600346.SH,20260602,恒力石化,NA,CNY
17.8,17.85,17.23,17.51,32289900.0,600346.SH,20260603,恒力石化,NA,CNY
17.52,17.55,16.55,16.73,49109100.0,600346.SH,20260604,恒力石化,NA,CNY
16.79,17.58,16.52,16.96,56297900.0,600346.SH,20260605,恒力石化,NA,CNY
16.79,17.35,16.53,16.6,43017800.0,600346.SH,20260608,恒力石化,NA,CNY
16.46,16.59,16.07,16.31,26286800.0,600346.SH,20260609,恒力石化,NA,CNY
16.22,16.62,16.03,16.38,28545800.0,600346.SH,20260610,恒力石化,NA,CNY
16.58,16.65,15.98,16.29,31454500.0,600346.SH,20260611,恒力石化,NA,CNY
16.62,17.84,16.18,17.46,73152100.0,600346.SH,20260612,恒力石化,NA,CNY
18.0,19.15,17.85,18.53,91724400.0,600346.SH,20260615,恒力石化,NA,CNY
18.37,18.59,17.66,17.77,47510400.0,600346.SH,20260616,恒力石化,NA,CNY
17.52,18.4,17.5,17.82,46359300.0,600346.SH,20260617,恒力石化,NA,CNY
17.75,17.77,17.06,17.1,32936600.0,600346.SH,20260618,恒力石化,NA,CNY
17.12,18.75,16.68,18.65,72402400.0,600346.SH,20260622,恒力石化,NA,CNY
18.86,19.31,18.14,18.17,58669800.0,600346.SH,20260623,恒力石化,NA,CNY
18.28,19.22,18.17,18.44,63562300.0,600346.SH,20260624,恒力石化,NA,CNY
18.02,18.55,17.81,18.21,60773000.0,600346.SH,20260625,恒力石化,NA,CNY
18.65,19.09,17.92,18.44,70818500.0,600346.SH,20260626,恒力石化,NA,CNY
18.0,19.23,17.66,18.9,77310900.0,600346.SH,20260629,恒力石化,NA,CNY
18.6,19.1,17.4,17.71,63614000.0,600346.SH,20260630,恒力石化,NA,CNY
17.71,18.23,16.88,17.78,50527100.0,600346.SH,20260701,恒力石化,NA,CNY
17.57,18.08,17.35,17.7,38551700.0,600346.SH,20260702,恒力石化,NA,CNY
17.93,18.35,17.25,17.8,50850800.0,600346.SH,20260703,恒力石化,NA,CNY
18.06,19.46,17.94,18.74,64571200.0,600346.SH,20260706,恒力石化,NA,CNY
18.95,18.95,16.87,17.0,86265300.0,600346.SH,20260707,恒力石化,NA,CNY
16.95,17.25,16.51,16.64,41383400.0,600346.SH,20260708,恒力石化,NA,CNY
16.5,16.85,15.9,16.28,50993200.0,600346.SH,20260709,恒力石化,NA,CNY
16.1,16.1,15.42,15.79,67786800.0,600346.SH,20260710,恒力石化,NA,CNY
15.79,15.88,14.87,15.0,60008500.0,600346.SH,20260713,恒力石化,NA,CNY
14.95,15.65,14.81,15.65,63092400.0,600346.SH,20260714,恒力石化,NA,CNY
15.46,15.63,15.19,15.24,40722100.0,600346.SH,20260715,恒力石化,NA,CNY
15.13,15.53,15.0,15.07,39751800.0,600346.SH,20260716,恒力石化,NA,CNY
15.07,15.36,14.76,15.06,48381100.0,600346.SH,20260717,恒力石化,NA,CNY
15.19,15.56,15.03,15.48,54072200.0,600346.SH,20260720,恒力石化,NA,CNY
15.35,15.94,15.28,15.64,60744700.0,600346.SH,20260721,恒力石化,NA,CNY
15.54,16.71,15.41,16.4,69602700.0,600346.SH,20260722,恒力石化,NA,CNY
16.41,16.68,15.97,16.62,38369400.0,600346.SH,20260723,恒力石化,NA,CNY
16.6,16.71,15.88,15.95,44212200.0,600346.SH,20260724,恒力石化,NA,CNY
15.81,16.43,15.5,16.34,36828700.0,600346.SH,20260727,恒力石化,NA,CNY
16.06,16.44,15.98,16.35,25967700.0,600346.SH,20260728,恒力石化,NA,CNY
16.35,16.82,16.18,16.66,32451700.0,600346.SH,20260729,恒力石化,NA,CNY
16.66,16.98,16.52,16.92,33306600.0,600346.SH,20260730,恒力石化,NA,CNY
16.57,16.81,16.53,16.72,30896100.0,600346.SH,20260731,恒力石化,NA,CNY
16.64,17.46,16.35,17.1,37747800.0,600346.SH,20260803,恒力石化,NA,CNY
17.02,17.1,16.52,16.83,29093300.0,600346.SH,20260804,恒力石化,NA,CNY
16.83,17.44,16.73,17.22,37701800.0,600346.SH,20260805,恒力石化,NA,CNY
17.23,17.65,17.22,17.45,29956700.0,600346.SH,20260806,恒力石化,NA,CNY
17.45,18.15,17.35,17.89,49830300.0,600346.SH,20260807,恒力石化,NA,CNY
17.9,18.57,17.8,18.34,35065000.0,600346.SH,20260810,恒力石化,NA,CNY
18.43,18.6,17.86,17.92,29909000.0,600346.SH,20260811,恒力石化,NA,CNY
17.93,18.15,17.54,17.75,28697200.0,600346.SH,20260812,恒力石化,NA,CNY
