open,high,low,close,volume,thscode,time,thsname_cn,thsname_en,currency
104.56,104.56,103.65,103.93,1121100.0,603605.SH,20230809,珀莱雅,NA,CNY
103.82,104.75,103.64,104.04,699100.0,603605.SH,20230810,珀莱雅,NA,CNY
103.8,104.38,101.56,102.75,1806500.0,603605.SH,20230811,珀莱雅,NA,CNY
101.93,103.3,101.42,103.01,1782300.0,603605.SH,20230814,珀莱雅,NA,CNY
102.94,104.08,101.69,103.59,1254800.0,603605.SH,20230815,珀莱雅,NA,CNY
102.87,104.01,102.03,102.49,1278700.0,603605.SH,20230816,珀莱雅,NA,CNY
102.22,105.34,101.69,104.06,1664700.0,603605.SH,20230817,珀莱雅,NA,CNY
103.86,104.95,102.71,102.87,1148800.0,603605.SH,20230818,珀莱雅,NA,CNY
102.7,103.48,98.91,99.4,2493700.0,603605.SH,20230821,珀莱雅,NA,CNY
98.79,99.19,91.44,93.6,7816400.0,603605.SH,20230822,珀莱雅,NA,CNY
93.37,94.75,92.58,94.47,2704000.0,603605.SH,20230823,珀莱雅,NA,CNY
93.71,96.23,93.71,95.59,1855800.0,603605.SH,20230824,珀莱雅,NA,CNY
96.82,97.28,93.44,94.0,1842600.0,603605.SH,20230825,珀莱雅,NA,CNY
99.47,99.47,91.63,93.44,3134200.0,603605.SH,20230828,珀莱雅,NA,CNY
92.27,94.33,91.53,93.8,2601400.0,603605.SH,20230829,珀莱雅,NA,CNY
96.98,102.68,96.73,101.48,5373000.0,603605.SH,20230830,珀莱雅,NA,CNY
101.42,105.78,99.09,105.57,4225300.0,603605.SH,20230831,珀莱雅,NA,CNY
105.33,107.04,104.0,104.97,2102500.0,603605.SH,20230901,珀莱雅,NA,CNY
106.08,108.16,103.53,106.93,2908000.0,603605.SH,20230904,珀莱雅,NA,CNY
107.69,108.97,106.08,106.86,1987100.0,603605.SH,20230905,珀莱雅,NA,CNY
106.07,107.23,103.59,104.72,1800700.0,603605.SH,20230906,珀莱雅,NA,CNY
103.95,105.19,101.69,101.74,1629900.0,603605.SH,20230907,珀莱雅,NA,CNY
101.77,102.67,101.18,101.85,1250200.0,603605.SH,20230908,珀莱雅,NA,CNY
101.73,103.17,100.89,101.81,1770900.0,603605.SH,20230911,珀莱雅,NA,CNY
101.62,101.62,99.23,100.32,2201000.0,603605.SH,20230912,珀莱雅,NA,CNY
99.28,101.36,99.28,101.17,1696300.0,603605.SH,20230913,珀莱雅,NA,CNY
100.61,101.02,99.07,99.85,2114000.0,603605.SH,20230914,珀莱雅,NA,CNY
99.45,99.84,96.45,97.67,2919500.0,603605.SH,20230915,珀莱雅,NA,CNY
97.67,98.71,97.31,98.05,2162600.0,603605.SH,20230918,珀莱雅,NA,CNY
97.92,98.22,96.35,97.76,1747400.0,603605.SH,20230919,珀莱雅,NA,CNY
97.67,98.29,96.84,97.83,1516400.0,603605.SH,20230920,珀莱雅,NA,CNY
97.3,97.42,96.43,96.79,1015000.0,603605.SH,20230921,珀莱雅,NA,CNY
96.45,98.24,96.33,98.12,1572500.0,603605.SH,20230922,珀莱雅,NA,CNY
97.77,99.57,97.0,98.4,1625500.0,603605.SH,20230925,珀莱雅,NA,CNY
98.5,100.5,98.35,98.35,1143700.0,603605.SH,20230926,珀莱雅,NA,CNY
98.6,99.64,97.82,99.19,1507700.0,603605.SH,20230927,珀莱雅,NA,CNY
98.91,99.38,95.19,95.98,2465700.0,603605.SH,20230928,珀莱雅,NA,CNY
95.98,95.98,93.43,94.47,2091200.0,603605.SH,20231009,珀莱雅,NA,CNY
94.43,95.48,93.8,94.91,1784000.0,603605.SH,20231010,珀莱雅,NA,CNY
95.5,96.32,94.37,94.56,2105300.0,603605.SH,20231011,珀莱雅,NA,CNY
95.4,96.17,93.35,93.6,2908900.0,603605.SH,20231012,珀莱雅,NA,CNY
93.52,93.97,92.1,93.75,2036100.0,603605.SH,20231013,珀莱雅,NA,CNY
93.49,93.49,91.03,92.17,2569500.0,603605.SH,20231016,珀莱雅,NA,CNY
92.38,93.69,91.43,93.05,1325700.0,603605.SH,20231017,珀莱雅,NA,CNY
92.35,93.89,91.81,92.29,1388400.0,603605.SH,20231018,珀莱雅,NA,CNY
91.63,93.37,91.17,91.64,1282900.0,603605.SH,20231019,珀莱雅,NA,CNY
91.25,92.22,90.38,90.68,1215200.0,603605.SH,20231020,珀莱雅,NA,CNY
90.86,90.93,87.38,88.2,2206000.0,603605.SH,20231023,珀莱雅,NA,CNY
89.47,95.82,88.68,95.6,6513200.0,603605.SH,20231024,珀莱雅,NA,CNY
97.69,98.16,92.58,94.28,4796500.0,603605.SH,20231025,珀莱雅,NA,CNY
93.68,93.68,90.95,91.83,3226100.0,603605.SH,20231026,珀莱雅,NA,CNY
91.43,95.13,91.05,94.93,3952100.0,603605.SH,20231027,珀莱雅,NA,CNY
94.08,95.62,93.41,94.84,1954200.0,603605.SH,20231030,珀莱雅,NA,CNY
95.8,99.11,94.84,98.5,3482300.0,603605.SH,20231031,珀莱雅,NA,CNY
99.54,100.89,98.62,100.62,2592600.0,603605.SH,20231101,珀莱雅,NA,CNY
100.56,101.06,98.95,99.79,2125600.0,603605.SH,20231102,珀莱雅,NA,CNY
99.59,100.25,98.75,99.12,1440300.0,603605.SH,20231103,珀莱雅,NA,CNY
101.29,102.72,98.79,100.55,2080000.0,603605.SH,20231106,珀莱雅,NA,CNY
100.55,104.37,100.06,103.85,3242300.0,603605.SH,20231107,珀莱雅,NA,CNY
103.57,105.84,102.9,105.28,2660200.0,603605.SH,20231108,珀莱雅,NA,CNY
104.33,105.28,103.38,104.63,2244700.0,603605.SH,20231109,珀莱雅,NA,CNY
104.33,104.33,101.94,102.34,2701100.0,603605.SH,20231110,珀莱雅,NA,CNY
102.0,103.38,98.64,99.37,2842200.0,603605.SH,20231113,珀莱雅,NA,CNY
99.59,101.47,99.33,100.43,1838500.0,603605.SH,20231114,珀莱雅,NA,CNY
101.17,101.36,98.67,99.29,1883100.0,603605.SH,20231115,珀莱雅,NA,CNY
98.52,100.72,98.52,99.96,1415300.0,603605.SH,20231116,珀莱雅,NA,CNY
99.5,99.96,97.98,98.92,924900.0,603605.SH,20231117,珀莱雅,NA,CNY
98.82,99.41,97.4,99.11,1083700.0,603605.SH,20231120,珀莱雅,NA,CNY
99.21,99.61,97.52,97.59,1506500.0,603605.SH,20231121,珀莱雅,NA,CNY
97.33,97.33,95.88,96.41,1105400.0,603605.SH,20231122,珀莱雅,NA,CNY
95.87,97.03,95.79,96.66,931900.0,603605.SH,20231123,珀莱雅,NA,CNY
96.36,97.09,95.61,96.27,701700.0,603605.SH,20231124,珀莱雅,NA,CNY
96.27,97.47,94.89,97.15,1558000.0,603605.SH,20231127,珀莱雅,NA,CNY
96.46,100.22,95.96,98.12,1297100.0,603605.SH,20231128,珀莱雅,NA,CNY
97.69,102.43,97.5,100.36,2096800.0,603605.SH,20231129,珀莱雅,NA,CNY
99.58,100.23,97.22,98.07,1400000.0,603605.SH,20231130,珀莱雅,NA,CNY
97.18,98.07,94.23,94.93,1828100.0,603605.SH,20231201,珀莱雅,NA,CNY
94.89,94.89,92.52,93.41,1617700.0,603605.SH,20231204,珀莱雅,NA,CNY
93.21,94.44,92.95,93.29,1775000.0,603605.SH,20231205,珀莱雅,NA,CNY
92.8,94.7,92.28,93.42,1350600.0,603605.SH,20231206,珀莱雅,NA,CNY
93.57,95.22,92.84,94.31,1038300.0,603605.SH,20231207,珀莱雅,NA,CNY
93.9,98.14,93.9,97.69,1943800.0,603605.SH,20231208,珀莱雅,NA,CNY
97.6,99.29,96.96,99.29,1857700.0,603605.SH,20231211,珀莱雅,NA,CNY
99.11,99.11,97.48,98.2,829300.0,603605.SH,20231212,珀莱雅,NA,CNY
97.72,98.14,94.19,94.36,1626400.0,603605.SH,20231213,珀莱雅,NA,CNY
95.26,96.74,94.77,94.99,861300.0,603605.SH,20231214,珀莱雅,NA,CNY
95.01,95.36,93.42,94.94,1153000.0,603605.SH,20231215,珀莱雅,NA,CNY
94.84,95.26,92.95,93.52,931200.0,603605.SH,20231218,珀莱雅,NA,CNY
92.99,93.77,90.46,91.19,2282900.0,603605.SH,20231219,珀莱雅,NA,CNY
91.38,91.98,89.71,90.86,1161800.0,603605.SH,20231220,珀莱雅,NA,CNY
90.15,92.45,90.13,92.1,1318900.0,603605.SH,20231221,珀莱雅,NA,CNY
92.0,92.06,89.48,90.91,1136900.0,603605.SH,20231222,珀莱雅,NA,CNY
90.93,93.59,90.93,93.19,1180200.0,603605.SH,20231225,珀莱雅,NA,CNY
92.95,94.27,92.17,94.02,1080700.0,603605.SH,20231226,珀莱雅,NA,CNY
94.0,94.3,90.97,92.28,1466500.0,603605.SH,20231227,珀莱雅,NA,CNY
91.98,95.03,91.49,94.65,1519700.0,603605.SH,20231228,珀莱雅,NA,CNY
93.99,95.12,93.61,94.27,1082000.0,603605.SH,20231229,珀莱雅,NA,CNY
94.55,95.03,93.15,94.58,956500.0,603605.SH,20240102,珀莱雅,NA,CNY
94.16,94.99,92.12,92.68,1068000.0,603605.SH,20240103,珀莱雅,NA,CNY
92.42,94.3,90.58,91.45,1510800.0,603605.SH,20240104,珀莱雅,NA,CNY
91.33,91.33,88.49,88.6,1898700.0,603605.SH,20240105,珀莱雅,NA,CNY
88.6,90.66,87.45,88.01,2093100.0,603605.SH,20240108,珀莱雅,NA,CNY
88.2,89.72,87.51,89.19,1512700.0,603605.SH,20240109,珀莱雅,NA,CNY
88.63,93.4,88.63,92.89,2925700.0,603605.SH,20240110,珀莱雅,NA,CNY
92.11,93.0,91.68,91.73,1416800.0,603605.SH,20240111,珀莱雅,NA,CNY
91.05,91.73,88.84,89.63,1514100.0,603605.SH,20240112,珀莱雅,NA,CNY
88.49,89.88,88.11,89.37,1241000.0,603605.SH,20240115,珀莱雅,NA,CNY
88.94,89.84,88.41,89.6,846600.0,603605.SH,20240116,珀莱雅,NA,CNY
88.8,89.6,88.23,88.38,1012800.0,603605.SH,20240117,珀莱雅,NA,CNY
87.73,88.17,84.32,87.62,1989600.0,603605.SH,20240118,珀莱雅,NA,CNY
87.26,88.74,86.89,87.95,1373600.0,603605.SH,20240119,珀莱雅,NA,CNY
87.75,87.92,82.28,83.13,2092000.0,603605.SH,20240122,珀莱雅,NA,CNY
82.09,83.24,80.71,83.09,1839000.0,603605.SH,20240123,珀莱雅,NA,CNY
83.21,84.69,82.31,83.47,2078300.0,603605.SH,20240124,珀莱雅,NA,CNY
82.8,85.45,81.3,84.69,1929600.0,603605.SH,20240125,珀莱雅,NA,CNY
83.98,84.63,80.3,82.21,2915600.0,603605.SH,20240126,珀莱雅,NA,CNY
81.64,82.32,78.11,78.34,3684700.0,603605.SH,20240129,珀莱雅,NA,CNY
78.34,78.34,74.47,74.91,4584400.0,603605.SH,20240130,珀莱雅,NA,CNY
74.36,78.86,73.85,78.14,3927900.0,603605.SH,20240131,珀莱雅,NA,CNY
77.66,78.08,75.19,75.43,2320000.0,603605.SH,20240201,珀莱雅,NA,CNY
74.93,76.25,72.55,74.45,2153900.0,603605.SH,20240202,珀莱雅,NA,CNY
73.96,76.47,71.14,74.21,3603700.0,603605.SH,20240205,珀莱雅,NA,CNY
71.67,78.86,71.67,78.25,3790600.0,603605.SH,20240206,珀莱雅,NA,CNY
77.77,82.32,76.82,80.2,3079700.0,603605.SH,20240207,珀莱雅,NA,CNY
80.36,81.74,78.83,81.01,2531000.0,603605.SH,20240208,珀莱雅,NA,CNY
82.12,85.06,82.12,84.94,2473200.0,603605.SH,20240219,珀莱雅,NA,CNY
85.22,89.99,84.41,88.98,3886600.0,603605.SH,20240220,珀莱雅,NA,CNY
88.88,90.72,87.54,88.79,2954800.0,603605.SH,20240221,珀莱雅,NA,CNY
88.76,93.18,88.32,93.15,3442700.0,603605.SH,20240222,珀莱雅,NA,CNY
93.7,97.69,93.17,96.93,2720100.0,603605.SH,20240223,珀莱雅,NA,CNY
96.94,98.16,94.9,96.88,3029300.0,603605.SH,20240226,珀莱雅,NA,CNY
96.36,98.15,95.8,96.66,2416700.0,603605.SH,20240227,珀莱雅,NA,CNY
97.25,99.59,96.27,96.27,2571300.0,603605.SH,20240228,珀莱雅,NA,CNY
97.69,101.54,96.36,100.62,5195200.0,603605.SH,20240229,珀莱雅,NA,CNY
100.04,100.82,94.7,96.36,5188900.0,603605.SH,20240301,珀莱雅,NA,CNY
95.56,95.6,92.64,93.88,3719900.0,603605.SH,20240304,珀莱雅,NA,CNY
92.66,93.63,89.97,90.86,4609100.0,603605.SH,20240305,珀莱雅,NA,CNY
90.65,91.68,89.2,90.11,3172700.0,603605.SH,20240306,珀莱雅,NA,CNY
89.99,90.71,87.52,87.84,3462400.0,603605.SH,20240307,珀莱雅,NA,CNY
87.44,88.96,86.97,88.81,3491200.0,603605.SH,20240308,珀莱雅,NA,CNY
89.13,92.73,88.2,92.57,4145800.0,603605.SH,20240311,珀莱雅,NA,CNY
91.99,94.37,91.49,94.18,3538500.0,603605.SH,20240312,珀莱雅,NA,CNY
93.68,94.63,91.58,92.14,2670300.0,603605.SH,20240313,珀莱雅,NA,CNY
91.76,93.52,90.53,92.05,3629100.0,603605.SH,20240314,珀莱雅,NA,CNY
91.81,93.22,90.12,90.45,2006600.0,603605.SH,20240315,珀莱雅,NA,CNY
90.1,90.45,88.65,90.11,2781200.0,603605.SH,20240318,珀莱雅,NA,CNY
90.1,93.32,89.66,91.69,2969900.0,603605.SH,20240319,珀莱雅,NA,CNY
91.33,92.35,90.39,91.28,1572500.0,603605.SH,20240320,珀莱雅,NA,CNY
91.88,91.88,89.15,89.55,3216300.0,603605.SH,20240321,珀莱雅,NA,CNY
89.01,90.1,88.68,89.73,2117200.0,603605.SH,20240322,珀莱雅,NA,CNY
88.94,90.29,88.87,89.43,1918400.0,603605.SH,20240325,珀莱雅,NA,CNY
89.91,90.1,87.55,88.34,1599700.0,603605.SH,20240326,珀莱雅,NA,CNY
87.95,89.84,87.92,88.09,1420500.0,603605.SH,20240327,珀莱雅,NA,CNY
87.52,89.63,86.69,88.49,1312600.0,603605.SH,20240328,珀莱雅,NA,CNY
88.44,91.05,88.31,91.03,1324800.0,603605.SH,20240329,珀莱雅,NA,CNY
91.0,91.62,90.07,91.12,2355500.0,603605.SH,20240401,珀莱雅,NA,CNY
91.05,91.54,89.97,90.92,2015800.0,603605.SH,20240402,珀莱雅,NA,CNY
91.24,93.5,91.24,91.87,3040300.0,603605.SH,20240403,珀莱雅,NA,CNY
91.06,91.95,89.91,90.7,2108700.0,603605.SH,20240408,珀莱雅,NA,CNY
90.3,91.88,89.45,90.95,2821400.0,603605.SH,20240409,珀莱雅,NA,CNY
91.71,93.9,91.52,93.25,4590500.0,603605.SH,20240410,珀莱雅,NA,CNY
92.72,97.21,92.39,96.73,4039100.0,603605.SH,20240411,珀莱雅,NA,CNY
96.03,96.72,94.46,94.84,1784200.0,603605.SH,20240412,珀莱雅,NA,CNY
94.84,97.67,94.84,97.1,2215400.0,603605.SH,20240415,珀莱雅,NA,CNY
96.8,97.62,94.54,95.49,2795300.0,603605.SH,20240416,珀莱雅,NA,CNY
94.88,96.27,93.23,95.89,2550300.0,603605.SH,20240417,珀莱雅,NA,CNY
95.13,99.22,94.49,98.12,4337300.0,603605.SH,20240418,珀莱雅,NA,CNY
101.43,103.27,98.2,98.26,6999900.0,603605.SH,20240419,珀莱雅,NA,CNY
98.64,100.53,97.39,99.02,3785900.0,603605.SH,20240422,珀莱雅,NA,CNY
98.08,102.72,98.07,102.67,4712400.0,603605.SH,20240423,珀莱雅,NA,CNY
103.08,105.56,102.42,105.25,5128200.0,603605.SH,20240424,珀莱雅,NA,CNY
106.22,106.22,103.66,104.44,2224500.0,603605.SH,20240425,珀莱雅,NA,CNY
105.3,106.7,103.27,103.47,2743900.0,603605.SH,20240426,珀莱雅,NA,CNY
103.58,105.89,103.58,104.02,2831500.0,603605.SH,20240429,珀莱雅,NA,CNY
104.03,105.82,102.51,103.84,1743900.0,603605.SH,20240430,珀莱雅,NA,CNY
103.85,110.17,103.27,109.59,5370700.0,603605.SH,20240506,珀莱雅,NA,CNY
108.57,109.99,108.42,108.69,2458600.0,603605.SH,20240507,珀莱雅,NA,CNY
108.68,109.37,107.27,107.74,1630600.0,603605.SH,20240508,珀莱雅,NA,CNY
107.72,109.64,107.72,109.64,1690200.0,603605.SH,20240509,珀莱雅,NA,CNY
110.02,111.44,107.27,107.55,2795700.0,603605.SH,20240510,珀莱雅,NA,CNY
105.56,107.01,103.85,106.12,3120900.0,603605.SH,20240513,珀莱雅,NA,CNY
105.74,107.59,104.81,107.13,2117700.0,603605.SH,20240514,珀莱雅,NA,CNY
106.28,107.63,104.83,105.05,1506500.0,603605.SH,20240515,珀莱雅,NA,CNY
105.28,105.93,103.85,104.28,1657400.0,603605.SH,20240516,珀莱雅,NA,CNY
103.85,104.86,101.97,103.89,2412700.0,603605.SH,20240517,珀莱雅,NA,CNY
103.98,104.83,102.53,103.09,2348000.0,603605.SH,20240520,珀莱雅,NA,CNY
102.75,103.93,102.0,103.05,1471100.0,603605.SH,20240521,珀莱雅,NA,CNY
103.39,104.4,101.57,102.6,1450900.0,603605.SH,20240522,珀莱雅,NA,CNY
102.48,104.61,101.96,104.25,2338600.0,603605.SH,20240523,珀莱雅,NA,CNY
103.39,104.8,102.34,102.84,1574700.0,603605.SH,20240524,珀莱雅,NA,CNY
103.36,106.7,103.0,106.5,2708800.0,603605.SH,20240527,珀莱雅,NA,CNY
106.5,106.82,104.04,104.71,1957700.0,603605.SH,20240528,珀莱雅,NA,CNY
104.33,105.44,104.02,104.04,1689800.0,603605.SH,20240529,珀莱雅,NA,CNY
105.28,105.32,102.14,102.57,2063600.0,603605.SH,20240530,珀莱雅,NA,CNY
102.43,104.91,102.37,103.27,1756100.0,603605.SH,20240531,珀莱雅,NA,CNY
103.47,106.03,102.55,104.8,1979700.0,603605.SH,20240603,珀莱雅,NA,CNY
104.81,107.65,104.73,107.17,3001400.0,603605.SH,20240604,珀莱雅,NA,CNY
107.65,108.64,105.56,105.75,2350800.0,603605.SH,20240605,珀莱雅,NA,CNY
105.54,106.66,105.49,105.75,1327700.0,603605.SH,20240606,珀莱雅,NA,CNY
105.85,106.21,102.43,103.68,1550200.0,603605.SH,20240607,珀莱雅,NA,CNY
103.5,105.28,103.19,104.3,1375900.0,603605.SH,20240611,珀莱雅,NA,CNY
103.64,104.58,102.48,102.91,1812900.0,603605.SH,20240612,珀莱雅,NA,CNY
103.0,103.35,100.2,102.89,2728300.0,603605.SH,20240613,珀莱雅,NA,CNY
101.9,103.6,100.53,102.54,2072800.0,603605.SH,20240614,珀莱雅,NA,CNY
101.02,102.21,99.41,100.43,2901300.0,603605.SH,20240617,珀莱雅,NA,CNY
100.41,103.15,99.31,102.9,2533700.0,603605.SH,20240618,珀莱雅,NA,CNY
102.9,104.37,101.67,103.38,1829800.0,603605.SH,20240619,珀莱雅,NA,CNY
103.38,106.0,102.24,102.48,1773800.0,603605.SH,20240620,珀莱雅,NA,CNY
102.42,105.74,101.15,101.59,2077000.0,603605.SH,20240621,珀莱雅,NA,CNY
102.27,108.5,102.05,106.56,4421000.0,603605.SH,20240624,珀莱雅,NA,CNY
106.95,107.43,104.96,105.8,2090300.0,603605.SH,20240625,珀莱雅,NA,CNY
106.75,109.04,105.96,108.96,2087400.0,603605.SH,20240626,珀莱雅,NA,CNY
108.49,109.44,107.21,107.64,1854100.0,603605.SH,20240627,珀莱雅,NA,CNY
107.34,108.2,105.31,106.09,1700700.0,603605.SH,20240628,珀莱雅,NA,CNY
105.68,105.91,101.96,102.93,2229300.0,603605.SH,20240701,珀莱雅,NA,CNY
102.58,102.85,100.36,100.72,1941100.0,603605.SH,20240702,珀莱雅,NA,CNY
100.52,101.24,96.88,97.69,3060700.0,603605.SH,20240703,珀莱雅,NA,CNY
97.02,99.07,96.26,96.26,1557400.0,603605.SH,20240704,珀莱雅,NA,CNY
96.27,97.21,94.12,96.55,2932300.0,603605.SH,20240705,珀莱雅,NA,CNY
96.53,98.43,94.92,97.01,2196000.0,603605.SH,20240708,珀莱雅,NA,CNY
97.21,98.72,96.06,98.62,2035400.0,603605.SH,20240709,珀莱雅,NA,CNY
98.62,101.85,97.98,101.02,2223800.0,603605.SH,20240710,珀莱雅,NA,CNY
101.32,102.44,100.47,101.45,1453900.0,603605.SH,20240711,珀莱雅,NA,CNY
101.46,103.21,101.46,102.8,1634600.0,603605.SH,20240712,珀莱雅,NA,CNY
102.28,102.62,99.63,99.97,1606700.0,603605.SH,20240715,珀莱雅,NA,CNY
99.53,100.02,92.05,92.84,4943400.0,603605.SH,20240716,珀莱雅,NA,CNY
92.05,94.2,91.39,93.27,3000800.0,603605.SH,20240717,珀莱雅,NA,CNY
92.89,95.47,92.72,94.43,1869600.0,603605.SH,20240718,珀莱雅,NA,CNY
94.04,95.58,92.72,94.58,1348700.0,603605.SH,20240719,珀莱雅,NA,CNY
94.1,94.63,91.39,91.96,1721800.0,603605.SH,20240722,珀莱雅,NA,CNY
92.22,92.22,87.15,87.16,2377700.0,603605.SH,20240723,珀莱雅,NA,CNY
87.38,87.74,84.33,84.33,2979000.0,603605.SH,20240724,珀莱雅,NA,CNY
84.61,86.87,83.25,84.96,2219400.0,603605.SH,20240725,珀莱雅,NA,CNY
84.91,86.95,84.5,85.85,1677600.0,603605.SH,20240726,珀莱雅,NA,CNY
85.56,85.76,83.32,83.52,1830900.0,603605.SH,20240729,珀莱雅,NA,CNY
83.93,84.46,82.1,83.68,1999700.0,603605.SH,20240730,珀莱雅,NA,CNY
83.59,88.42,82.45,87.69,1885500.0,603605.SH,20240731,珀莱雅,NA,CNY
87.15,87.69,83.45,83.61,2794000.0,603605.SH,20240801,珀莱雅,NA,CNY
82.48,85.07,82.37,82.84,1487700.0,603605.SH,20240802,珀莱雅,NA,CNY
82.2,84.47,81.25,81.3,2129100.0,603605.SH,20240805,珀莱雅,NA,CNY
82.04,82.73,81.32,82.35,2075500.0,603605.SH,20240806,珀莱雅,NA,CNY
82.49,86.5,82.1,86.17,2482900.0,603605.SH,20240807,珀莱雅,NA,CNY
85.56,87.08,83.71,86.08,2198200.0,603605.SH,20240808,珀莱雅,NA,CNY
86.03,87.0,83.89,83.89,1570400.0,603605.SH,20240809,珀莱雅,NA,CNY
83.58,84.48,83.05,83.14,934300.0,603605.SH,20240812,珀莱雅,NA,CNY
82.83,83.4,82.01,82.63,1181200.0,603605.SH,20240813,珀莱雅,NA,CNY
82.21,83.33,81.98,82.54,1299900.0,603605.SH,20240814,珀莱雅,NA,CNY
81.9,83.1,81.25,81.65,2036400.0,603605.SH,20240815,珀莱雅,NA,CNY
81.98,83.89,80.77,82.43,2020400.0,603605.SH,20240816,珀莱雅,NA,CNY
81.39,82.97,80.81,81.0,2257500.0,603605.SH,20240819,珀莱雅,NA,CNY
81.0,82.0,80.37,81.06,1406300.0,603605.SH,20240820,珀莱雅,NA,CNY
80.83,82.11,80.5,81.32,981400.0,603605.SH,20240821,珀莱雅,NA,CNY
81.3,81.9,79.89,80.1,2004100.0,603605.SH,20240822,珀莱雅,NA,CNY
80.05,81.3,79.79,81.25,1105400.0,603605.SH,20240823,珀莱雅,NA,CNY
80.77,81.82,79.44,79.84,1398800.0,603605.SH,20240826,珀莱雅,NA,CNY
79.48,80.91,78.48,80.91,1591300.0,603605.SH,20240827,珀莱雅,NA,CNY
83.25,84.93,81.34,82.11,5015900.0,603605.SH,20240828,珀莱雅,NA,CNY
83.52,87.56,83.06,86.71,5596100.0,603605.SH,20240829,珀莱雅,NA,CNY
87.94,92.86,86.89,91.28,6223500.0,603605.SH,20240830,珀莱雅,NA,CNY
91.04,91.95,88.28,88.31,3836800.0,603605.SH,20240902,珀莱雅,NA,CNY
89.16,91.08,88.17,90.41,2703200.0,603605.SH,20240903,珀莱雅,NA,CNY
89.75,91.66,89.5,90.47,2847200.0,603605.SH,20240904,珀莱雅,NA,CNY
90.66,90.9,87.42,88.89,2790300.0,603605.SH,20240905,珀莱雅,NA,CNY
88.89,88.89,85.74,85.76,1738600.0,603605.SH,20240906,珀莱雅,NA,CNY
85.34,86.21,83.04,83.33,2067600.0,603605.SH,20240909,珀莱雅,NA,CNY
83.4,85.6,82.8,85.52,2915300.0,603605.SH,20240910,珀莱雅,NA,CNY
85.11,88.4,83.92,87.51,2215200.0,603605.SH,20240911,珀莱雅,NA,CNY
87.03,87.84,84.4,84.54,1666500.0,603605.SH,20240912,珀莱雅,NA,CNY
83.45,85.22,81.42,81.62,3211700.0,603605.SH,20240913,珀莱雅,NA,CNY
81.25,83.11,80.36,82.15,2061100.0,603605.SH,20240918,珀莱雅,NA,CNY
81.92,83.02,80.1,81.24,4396000.0,603605.SH,20240919,珀莱雅,NA,CNY
80.77,81.39,76.95,77.8,6306400.0,603605.SH,20240920,珀莱雅,NA,CNY
77.47,77.89,75.31,75.51,5365600.0,603605.SH,20240923,珀莱雅,NA,CNY
76.25,80.77,73.93,80.75,8947400.0,603605.SH,20240924,珀莱雅,NA,CNY
82.68,83.79,80.99,81.0,8045200.0,603605.SH,20240925,珀莱雅,NA,CNY
80.48,88.89,79.74,88.6,8793100.0,603605.SH,20240926,珀莱雅,NA,CNY
93.02,97.46,90.96,95.66,6899000.0,603605.SH,20240927,珀莱雅,NA,CNY
100.44,105.23,100.44,105.23,6580300.0,603605.SH,20240930,珀莱雅,NA,CNY
115.75,115.75,110.17,115.75,10297700.0,603605.SH,20241008,珀莱雅,NA,CNY
109.92,113.63,104.18,105.14,6801800.0,603605.SH,20241009,珀莱雅,NA,CNY
105.15,111.16,104.19,109.64,5074000.0,603605.SH,20241010,珀莱雅,NA,CNY
107.81,108.55,100.8,102.27,3705000.0,603605.SH,20241011,珀莱雅,NA,CNY
101.32,101.68,95.58,98.5,7366600.0,603605.SH,20241014,珀莱雅,NA,CNY
94.6,94.6,90.81,91.87,8324100.0,603605.SH,20241015,珀莱雅,NA,CNY
89.38,91.09,88.72,89.71,6022500.0,603605.SH,20241016,珀莱雅,NA,CNY
90.23,93.83,89.38,91.49,7096400.0,603605.SH,20241017,珀莱雅,NA,CNY
90.61,96.54,89.37,93.61,6821900.0,603605.SH,20241018,珀莱雅,NA,CNY
93.61,94.44,91.9,92.83,6016000.0,603605.SH,20241021,珀莱雅,NA,CNY
92.4,95.58,92.06,93.77,5041500.0,603605.SH,20241022,珀莱雅,NA,CNY
93.79,95.1,92.72,93.34,6125600.0,603605.SH,20241023,珀莱雅,NA,CNY
92.39,94.63,91.47,94.63,4499200.0,603605.SH,20241024,珀莱雅,NA,CNY
92.74,92.83,89.09,91.06,9057400.0,603605.SH,20241025,珀莱雅,NA,CNY
92.6,93.82,91.3,92.48,6355000.0,603605.SH,20241028,珀莱雅,NA,CNY
92.83,95.37,92.04,92.13,6454400.0,603605.SH,20241029,珀莱雅,NA,CNY
92.24,93.46,90.76,91.84,4306900.0,603605.SH,20241030,珀莱雅,NA,CNY
91.46,92.22,90.51,91.52,4315000.0,603605.SH,20241031,珀莱雅,NA,CNY
90.99,95.08,90.62,92.95,6023900.0,603605.SH,20241101,珀莱雅,NA,CNY
92.14,94.25,90.86,91.85,6424700.0,603605.SH,20241104,珀莱雅,NA,CNY
91.67,93.0,89.96,92.95,7860800.0,603605.SH,20241105,珀莱雅,NA,CNY
93.19,94.92,92.09,92.62,6805400.0,603605.SH,20241106,珀莱雅,NA,CNY
92.19,99.89,91.72,98.97,10542400.0,603605.SH,20241107,珀莱雅,NA,CNY
100.36,100.55,96.3,96.96,7527800.0,603605.SH,20241108,珀莱雅,NA,CNY
96.06,97.02,94.51,95.97,6215500.0,603605.SH,20241111,珀莱雅,NA,CNY
96.53,98.45,94.96,95.49,7838900.0,603605.SH,20241112,珀莱雅,NA,CNY
93.67,94.16,91.29,91.68,11269100.0,603605.SH,20241113,珀莱雅,NA,CNY
91.33,92.27,89.89,89.92,7833600.0,603605.SH,20241114,珀莱雅,NA,CNY
89.25,90.38,88.22,88.22,7066700.0,603605.SH,20241115,珀莱雅,NA,CNY
87.68,88.8,86.56,86.86,6118400.0,603605.SH,20241118,珀莱雅,NA,CNY
86.9,88.42,86.29,88.42,3952100.0,603605.SH,20241119,珀莱雅,NA,CNY
87.94,88.75,87.56,88.62,3070500.0,603605.SH,20241120,珀莱雅,NA,CNY
88.08,88.56,87.53,88.36,2420600.0,603605.SH,20241121,珀莱雅,NA,CNY
88.22,88.36,84.59,84.75,4372200.0,603605.SH,20241122,珀莱雅,NA,CNY
84.69,85.9,84.1,85.33,3470300.0,603605.SH,20241125,珀莱雅,NA,CNY
85.36,87.75,84.99,86.46,3954500.0,603605.SH,20241126,珀莱雅,NA,CNY
86.04,88.18,85.94,87.68,2591900.0,603605.SH,20241127,珀莱雅,NA,CNY
87.68,88.56,86.03,86.31,2572700.0,603605.SH,20241128,珀莱雅,NA,CNY
86.32,88.89,86.32,87.64,3539900.0,603605.SH,20241129,珀莱雅,NA,CNY
88.52,89.99,87.34,89.51,5065000.0,603605.SH,20241202,珀莱雅,NA,CNY
89.51,89.51,87.83,87.84,2823400.0,603605.SH,20241203,珀莱雅,NA,CNY
87.6,88.4,86.6,87.76,2342200.0,603605.SH,20241204,珀莱雅,NA,CNY
87.75,88.02,86.35,87.35,2478300.0,603605.SH,20241205,珀莱雅,NA,CNY
86.91,88.7,86.91,88.15,2303200.0,603605.SH,20241206,珀莱雅,NA,CNY
87.84,88.14,86.44,86.53,3216100.0,603605.SH,20241209,珀莱雅,NA,CNY
91.12,92.65,88.89,89.13,9829700.0,603605.SH,20241210,珀莱雅,NA,CNY
89.51,91.76,88.57,90.61,5353500.0,603605.SH,20241211,珀莱雅,NA,CNY
90.63,93.08,89.73,92.37,7260400.0,603605.SH,20241212,珀莱雅,NA,CNY
92.12,92.24,87.82,89.37,13285600.0,603605.SH,20241213,珀莱雅,NA,CNY
88.32,88.51,86.16,87.32,5986500.0,603605.SH,20241216,珀莱雅,NA,CNY
86.8,87.18,85.71,86.47,3297000.0,603605.SH,20241217,珀莱雅,NA,CNY
86.98,86.98,85.93,86.38,2517400.0,603605.SH,20241218,珀莱雅,NA,CNY
85.55,85.95,84.72,85.95,3341100.0,603605.SH,20241219,珀莱雅,NA,CNY
85.98,88.39,85.75,86.85,4820300.0,603605.SH,20241220,珀莱雅,NA,CNY
86.58,86.94,84.0,84.22,6383500.0,603605.SH,20241223,珀莱雅,NA,CNY
84.29,85.51,83.64,85.11,3739900.0,603605.SH,20241224,珀莱雅,NA,CNY
84.88,84.97,83.95,84.61,2194500.0,603605.SH,20241225,珀莱雅,NA,CNY
84.58,84.76,84.11,84.27,2307000.0,603605.SH,20241226,珀莱雅,NA,CNY
84.25,84.54,83.4,84.02,3022700.0,603605.SH,20241227,珀莱雅,NA,CNY
83.64,83.92,83.07,83.15,3341400.0,603605.SH,20241230,珀莱雅,NA,CNY
83.16,83.25,80.96,80.96,3848400.0,603605.SH,20241231,珀莱雅,NA,CNY
80.98,82.71,80.24,81.13,4255200.0,603605.SH,20250102,珀莱雅,NA,CNY
81.12,81.13,79.47,80.16,2857600.0,603605.SH,20250103,珀莱雅,NA,CNY
80.08,80.1,78.46,79.21,2515400.0,603605.SH,20250106,珀莱雅,NA,CNY
79.19,80.01,78.58,79.81,2004800.0,603605.SH,20250107,珀莱雅,NA,CNY
79.61,79.62,77.23,78.5,3019400.0,603605.SH,20250108,珀莱雅,NA,CNY
78.04,78.85,77.92,78.03,1657900.0,603605.SH,20250109,珀莱雅,NA,CNY
77.91,78.31,76.81,76.9,2811100.0,603605.SH,20250110,珀莱雅,NA,CNY
76.53,80.58,76.32,80.56,4709100.0,603605.SH,20250113,珀莱雅,NA,CNY
80.56,83.44,80.1,82.76,6714700.0,603605.SH,20250114,珀莱雅,NA,CNY
82.76,83.06,80.9,81.28,2850400.0,603605.SH,20250115,珀莱雅,NA,CNY
81.32,82.17,79.38,79.89,3627100.0,603605.SH,20250116,珀莱雅,NA,CNY
79.48,79.74,78.57,78.73,3690200.0,603605.SH,20250117,珀莱雅,NA,CNY
79.49,81.13,79.34,79.77,3918600.0,603605.SH,20250120,珀莱雅,NA,CNY
79.9,80.98,78.88,80.79,3280800.0,603605.SH,20250121,珀莱雅,NA,CNY
80.28,80.77,78.76,79.24,2480000.0,603605.SH,20250122,珀莱雅,NA,CNY
80.03,82.07,79.81,80.91,4499100.0,603605.SH,20250123,珀莱雅,NA,CNY
80.58,81.9,80.4,81.8,2983800.0,603605.SH,20250124,珀莱雅,NA,CNY
81.72,82.64,79.91,79.91,3191400.0,603605.SH,20250127,珀莱雅,NA,CNY
79.7,79.91,78.09,78.15,3619000.0,603605.SH,20250205,珀莱雅,NA,CNY
78.15,79.19,77.93,78.89,3887000.0,603605.SH,20250206,珀莱雅,NA,CNY
78.69,81.81,78.57,80.49,5419900.0,603605.SH,20250207,珀莱雅,NA,CNY
80.49,80.77,79.17,80.01,3808100.0,603605.SH,20250210,珀莱雅,NA,CNY
80.02,80.5,79.39,79.48,2855700.0,603605.SH,20250211,珀莱雅,NA,CNY
79.34,80.1,78.62,80.1,3419000.0,603605.SH,20250212,珀莱雅,NA,CNY
80.12,82.06,79.99,81.22,6142200.0,603605.SH,20250213,珀莱雅,NA,CNY
80.85,82.49,80.82,81.49,4031900.0,603605.SH,20250214,珀莱雅,NA,CNY
81.49,82.06,80.1,80.67,3922200.0,603605.SH,20250217,珀莱雅,NA,CNY
80.58,82.0,79.72,79.82,4887200.0,603605.SH,20250218,珀莱雅,NA,CNY
79.73,80.67,79.36,80.1,3179200.0,603605.SH,20250219,珀莱雅,NA,CNY
80.1,81.42,79.73,80.58,3634800.0,603605.SH,20250220,珀莱雅,NA,CNY
80.78,81.63,80.39,80.86,4228100.0,603605.SH,20250221,珀莱雅,NA,CNY
80.85,82.87,80.14,81.62,4612800.0,603605.SH,20250224,珀莱雅,NA,CNY
81.18,81.44,80.15,80.21,3874700.0,603605.SH,20250225,珀莱雅,NA,CNY
80.31,80.66,79.82,80.58,4166600.0,603605.SH,20250226,珀莱雅,NA,CNY
80.56,81.94,80.29,81.5,5571000.0,603605.SH,20250227,珀莱雅,NA,CNY
81.04,83.03,80.47,80.67,6286400.0,603605.SH,20250228,珀莱雅,NA,CNY
81.04,84.23,80.8,82.39,7707200.0,603605.SH,20250303,珀莱雅,NA,CNY
81.42,81.72,79.83,80.42,5997400.0,603605.SH,20250304,珀莱雅,NA,CNY
80.29,80.36,79.34,80.14,3376500.0,603605.SH,20250305,珀莱雅,NA,CNY
80.29,80.76,79.89,80.7,4147200.0,603605.SH,20250306,珀莱雅,NA,CNY
80.48,80.66,79.36,80.29,4127000.0,603605.SH,20250307,珀莱雅,NA,CNY
80.02,80.28,79.53,79.99,3070200.0,603605.SH,20250310,珀莱雅,NA,CNY
79.49,81.75,79.34,81.71,7636400.0,603605.SH,20250311,珀莱雅,NA,CNY
81.71,84.88,81.34,81.39,6980400.0,603605.SH,20250312,珀莱雅,NA,CNY
81.25,83.27,80.93,82.49,5872000.0,603605.SH,20250313,珀莱雅,NA,CNY
82.97,85.69,82.2,84.53,10362200.0,603605.SH,20250314,珀莱雅,NA,CNY
86.0,86.58,83.67,83.69,9226500.0,603605.SH,20250317,珀莱雅,NA,CNY
83.44,83.45,81.79,82.13,5868500.0,603605.SH,20250318,珀莱雅,NA,CNY
81.72,82.51,81.45,82.25,3690400.0,603605.SH,20250319,珀莱雅,NA,CNY
82.25,82.35,81.49,81.62,2778800.0,603605.SH,20250320,珀莱雅,NA,CNY
81.53,81.59,80.35,81.08,3953200.0,603605.SH,20250321,珀莱雅,NA,CNY
80.8,81.56,80.68,81.54,2764800.0,603605.SH,20250324,珀莱雅,NA,CNY
81.52,81.53,80.2,80.68,3064300.0,603605.SH,20250325,珀莱雅,NA,CNY
80.32,80.69,80.1,80.37,2133500.0,603605.SH,20250326,珀莱雅,NA,CNY
80.11,80.95,79.81,80.35,2433600.0,603605.SH,20250327,珀莱雅,NA,CNY
80.34,80.67,79.97,80.06,2133100.0,603605.SH,20250328,珀莱雅,NA,CNY
79.96,79.97,78.76,79.05,3283000.0,603605.SH,20250331,珀莱雅,NA,CNY
79.05,79.95,78.9,79.47,1811400.0,603605.SH,20250401,珀莱雅,NA,CNY
79.48,79.77,78.97,79.42,1738400.0,603605.SH,20250402,珀莱雅,NA,CNY
79.25,79.67,78.89,79.23,1803000.0,603605.SH,20250403,珀莱雅,NA,CNY
75.15,76.37,71.31,72.88,7709800.0,603605.SH,20250407,珀莱雅,NA,CNY
72.65,73.93,72.34,73.93,5911700.0,603605.SH,20250408,珀莱雅,NA,CNY
72.64,75.43,70.47,75.16,6116000.0,603605.SH,20250409,珀莱雅,NA,CNY
75.5,75.9,74.57,74.79,5993000.0,603605.SH,20250410,珀莱雅,NA,CNY
75.8,75.8,74.56,74.75,4540100.0,603605.SH,20250411,珀莱雅,NA,CNY
74.87,75.63,74.28,75.22,4497400.0,603605.SH,20250414,珀莱雅,NA,CNY
74.85,77.31,74.44,75.75,5736000.0,603605.SH,20250415,珀莱雅,NA,CNY
75.99,75.99,73.5,74.41,4861600.0,603605.SH,20250416,珀莱雅,NA,CNY
74.41,75.09,73.62,74.69,2769500.0,603605.SH,20250417,珀莱雅,NA,CNY
74.49,74.49,73.86,74.19,1533100.0,603605.SH,20250418,珀莱雅,NA,CNY
74.19,74.64,73.79,74.27,1972400.0,603605.SH,20250421,珀莱雅,NA,CNY
73.9,74.08,73.41,73.5,2440100.0,603605.SH,20250422,珀莱雅,NA,CNY
73.41,73.85,72.82,73.01,3113800.0,603605.SH,20250423,珀莱雅,NA,CNY
72.85,73.93,72.45,73.61,3397200.0,603605.SH,20250424,珀莱雅,NA,CNY
79.81,80.97,79.81,80.97,10254800.0,603605.SH,20250425,珀莱雅,NA,CNY
82.49,89.07,82.18,89.07,27773600.0,603605.SH,20250428,珀莱雅,NA,CNY
88.89,89.85,86.73,88.78,14345100.0,603605.SH,20250429,珀莱雅,NA,CNY
88.67,93.05,87.89,91.28,13636000.0,603605.SH,20250430,珀莱雅,NA,CNY
90.33,91.56,88.21,90.4,9517600.0,603605.SH,20250506,珀莱雅,NA,CNY
91.57,94.04,89.85,93.1,8949600.0,603605.SH,20250507,珀莱雅,NA,CNY
91.43,92.42,89.49,90.88,7575200.0,603605.SH,20250508,珀莱雅,NA,CNY
90.88,93.67,90.88,92.21,6779400.0,603605.SH,20250509,珀莱雅,NA,CNY
92.24,94.51,92.11,92.96,6286200.0,603605.SH,20250512,珀莱雅,NA,CNY
92.25,96.12,91.77,94.82,7787900.0,603605.SH,20250513,珀莱雅,NA,CNY
94.15,95.57,92.72,93.82,6109300.0,603605.SH,20250514,珀莱雅,NA,CNY
93.82,96.82,93.68,96.13,8553100.0,603605.SH,20250515,珀莱雅,NA,CNY
95.11,96.05,94.25,95.14,4339500.0,603605.SH,20250516,珀莱雅,NA,CNY
95.14,95.4,92.24,93.61,5813000.0,603605.SH,20250519,珀莱雅,NA,CNY
91.76,95.11,90.91,93.56,8205800.0,603605.SH,20250520,珀莱雅,NA,CNY
92.66,93.86,90.78,91.78,7359900.0,603605.SH,20250521,珀莱雅,NA,CNY
91.78,91.95,89.0,89.08,7667300.0,603605.SH,20250522,珀莱雅,NA,CNY
89.08,89.56,87.15,87.27,6444800.0,603605.SH,20250523,珀莱雅,NA,CNY
86.89,88.03,86.13,87.41,4706300.0,603605.SH,20250526,珀莱雅,NA,CNY
87.15,87.8,85.55,85.83,5093100.0,603605.SH,20250527,珀莱雅,NA,CNY
85.83,89.56,85.76,87.84,7244900.0,603605.SH,20250528,珀莱雅,NA,CNY
87.43,88.24,86.14,86.51,5727700.0,603605.SH,20250529,珀莱雅,NA,CNY
86.51,87.35,84.73,84.85,5385500.0,603605.SH,20250530,珀莱雅,NA,CNY
84.11,86.59,83.7,85.51,7276100.0,603605.SH,20250603,珀莱雅,NA,CNY
85.44,85.95,84.59,85.45,6078600.0,603605.SH,20250604,珀莱雅,NA,CNY
85.94,89.14,84.36,84.36,9994100.0,603605.SH,20250605,珀莱雅,NA,CNY
84.37,84.98,81.06,81.26,12451800.0,603605.SH,20250606,珀莱雅,NA,CNY
81.32,81.52,80.38,80.9,7622800.0,603605.SH,20250609,珀莱雅,NA,CNY
80.9,81.82,80.15,81.68,7734900.0,603605.SH,20250610,珀莱雅,NA,CNY
81.42,82.3,81.03,81.42,5128300.0,603605.SH,20250611,珀莱雅,NA,CNY
80.89,81.22,80.44,80.8,4700900.0,603605.SH,20250612,珀莱雅,NA,CNY
80.32,81.1,78.59,79.38,6725800.0,603605.SH,20250613,珀莱雅,NA,CNY
78.95,79.76,78.87,79.25,3815900.0,603605.SH,20250616,珀莱雅,NA,CNY
79.95,80.39,78.59,79.36,5688900.0,603605.SH,20250617,珀莱雅,NA,CNY
79.41,80.76,79.03,79.69,4228500.0,603605.SH,20250618,珀莱雅,NA,CNY
79.51,79.88,78.22,78.52,4276600.0,603605.SH,20250619,珀莱雅,NA,CNY
78.35,79.07,77.99,78.27,3051200.0,603605.SH,20250620,珀莱雅,NA,CNY
77.59,78.69,77.59,78.59,3090200.0,603605.SH,20250623,珀莱雅,NA,CNY
78.54,79.43,78.4,79.02,4568600.0,603605.SH,20250624,珀莱雅,NA,CNY
79.32,81.33,78.74,81.07,7813400.0,603605.SH,20250625,珀莱雅,NA,CNY
81.06,81.06,79.59,79.9,5662400.0,603605.SH,20250626,珀莱雅,NA,CNY
79.9,80.87,79.63,80.29,4754700.0,603605.SH,20250627,珀莱雅,NA,CNY
80.0,80.54,78.8,80.28,4504900.0,603605.SH,20250630,珀莱雅,NA,CNY
80.47,80.49,79.71,79.78,3434500.0,603605.SH,20250701,珀莱雅,NA,CNY
79.65,79.95,79.03,79.43,3426000.0,603605.SH,20250702,珀莱雅,NA,CNY
79.2,80.09,79.13,79.34,4101100.0,603605.SH,20250703,珀莱雅,NA,CNY
79.31,79.32,78.06,78.54,5159900.0,603605.SH,20250704,珀莱雅,NA,CNY
78.54,80.08,78.19,79.03,3478400.0,603605.SH,20250707,珀莱雅,NA,CNY
79.06,79.93,78.91,79.62,4019200.0,603605.SH,20250708,珀莱雅,NA,CNY
79.59,81.64,79.24,80.51,7673000.0,603605.SH,20250709,珀莱雅,NA,CNY
80.67,80.78,79.67,80.38,4680200.0,603605.SH,20250710,珀莱雅,NA,CNY
80.38,80.8,79.76,80.21,5175100.0,603605.SH,20250711,珀莱雅,NA,CNY
80.19,80.83,79.71,80.43,4184700.0,603605.SH,20250714,珀莱雅,NA,CNY
80.42,80.42,78.6,78.81,6429200.0,603605.SH,20250715,珀莱雅,NA,CNY
78.69,79.46,78.6,78.9,3688000.0,603605.SH,20250716,珀莱雅,NA,CNY
79.09,79.3,78.83,78.96,3893600.0,603605.SH,20250717,珀莱雅,NA,CNY
79.21,79.48,78.74,79.16,4575100.0,603605.SH,20250718,珀莱雅,NA,CNY
79.16,79.81,78.97,79.8,4387000.0,603605.SH,20250721,珀莱雅,NA,CNY
79.85,80.66,79.71,80.4,4859700.0,603605.SH,20250722,珀莱雅,NA,CNY
81.06,81.06,80.06,80.13,5421700.0,603605.SH,20250723,珀莱雅,NA,CNY
80.13,82.73,79.78,82.65,10895300.0,603605.SH,20250724,珀莱雅,NA,CNY
82.42,82.98,81.47,81.65,6970400.0,603605.SH,20250725,珀莱雅,NA,CNY
81.66,81.79,80.58,80.79,4936800.0,603605.SH,20250728,珀莱雅,NA,CNY
80.77,81.27,80.32,81.13,4285000.0,603605.SH,20250729,珀莱雅,NA,CNY
81.15,82.35,80.56,81.3,6612000.0,603605.SH,20250730,珀莱雅,NA,CNY
81.12,81.26,79.43,79.5,6519200.0,603605.SH,20250731,珀莱雅,NA,CNY
79.51,80.12,79.37,79.71,3214100.0,603605.SH,20250801,珀莱雅,NA,CNY
79.08,79.62,79.03,79.58,2719500.0,603605.SH,20250804,珀莱雅,NA,CNY
79.57,80.02,79.51,79.99,3523400.0,603605.SH,20250805,珀莱雅,NA,CNY
80.35,81.12,79.58,79.89,4128100.0,603605.SH,20250806,珀莱雅,NA,CNY
79.93,80.9,79.9,80.37,5021700.0,603605.SH,20250807,珀莱雅,NA,CNY
80.37,80.82,79.81,80.07,3509600.0,603605.SH,20250808,珀莱雅,NA,CNY
80.14,80.45,78.91,80.07,5046700.0,603605.SH,20250811,珀莱雅,NA,CNY
80.3,80.9,79.91,80.42,4994200.0,603605.SH,20250812,珀莱雅,NA,CNY
80.9,80.97,80.15,80.69,5829500.0,603605.SH,20250813,珀莱雅,NA,CNY
80.71,81.11,79.54,79.74,6314300.0,603605.SH,20250814,珀莱雅,NA,CNY
79.75,80.84,79.32,80.53,5929100.0,603605.SH,20250815,珀莱雅,NA,CNY
80.53,83.06,80.41,81.94,10283400.0,603605.SH,20250818,珀莱雅,NA,CNY
82.28,82.28,81.29,81.36,5498900.0,603605.SH,20250819,珀莱雅,NA,CNY
81.36,84.36,81.14,84.34,12659100.0,603605.SH,20250820,珀莱雅,NA,CNY
84.46,85.1,83.79,84.23,9248400.0,603605.SH,20250821,珀莱雅,NA,CNY
84.31,85.92,83.83,85.58,9047300.0,603605.SH,20250822,珀莱雅,NA,CNY
86.3,86.49,84.85,85.85,9752700.0,603605.SH,20250825,珀莱雅,NA,CNY
85.63,89.21,85.23,89.2,10128100.0,603605.SH,20250826,珀莱雅,NA,CNY
85.26,85.83,82.42,82.43,26907700.0,603605.SH,20250827,珀莱雅,NA,CNY
82.23,82.98,80.38,81.57,12937400.0,603605.SH,20250828,珀莱雅,NA,CNY
81.26,82.28,81.12,81.29,9692700.0,603605.SH,20250829,珀莱雅,NA,CNY
81.3,82.9,81.3,81.87,8167800.0,603605.SH,20250901,珀莱雅,NA,CNY
81.48,81.87,80.32,80.83,7416700.0,603605.SH,20250902,珀莱雅,NA,CNY
80.83,80.97,78.93,78.98,9176700.0,603605.SH,20250903,珀莱雅,NA,CNY
79.02,79.75,78.42,79.32,7582500.0,603605.SH,20250904,珀莱雅,NA,CNY
79.39,80.62,78.7,80.52,7687500.0,603605.SH,20250905,珀莱雅,NA,CNY
80.38,81.29,79.72,81.13,6757900.0,603605.SH,20250908,珀莱雅,NA,CNY
80.92,81.07,79.67,79.88,5912600.0,603605.SH,20250909,珀莱雅,NA,CNY
79.7,79.86,79.03,79.16,6078600.0,603605.SH,20250910,珀莱雅,NA,CNY
79.11,79.82,78.7,79.79,5660500.0,603605.SH,20250911,珀莱雅,NA,CNY
79.75,80.0,79.15,79.25,4867600.0,603605.SH,20250912,珀莱雅,NA,CNY
79.03,79.23,78.59,78.63,6051900.0,603605.SH,20250915,珀莱雅,NA,CNY
78.62,78.88,78.25,78.62,4486300.0,603605.SH,20250916,珀莱雅,NA,CNY
78.65,79.31,78.59,79.29,4470700.0,603605.SH,20250917,珀莱雅,NA,CNY
79.29,79.29,77.86,78.2,6388600.0,603605.SH,20250918,珀莱雅,NA,CNY
78.22,78.86,77.57,78.79,5639800.0,603605.SH,20250919,珀莱雅,NA,CNY
78.78,78.78,77.67,77.86,3616600.0,603605.SH,20250922,珀莱雅,NA,CNY
77.62,77.77,76.3,76.75,5163200.0,603605.SH,20250923,珀莱雅,NA,CNY
76.7,77.55,76.39,77.05,2924200.0,603605.SH,20250924,珀莱雅,NA,CNY
77.05,78.61,76.38,78.06,5643800.0,603605.SH,20250925,珀莱雅,NA,CNY
77.84,79.46,77.6,78.86,5901700.0,603605.SH,20250926,珀莱雅,NA,CNY
79.2,79.2,77.5,78.37,4248900.0,603605.SH,20250929,珀莱雅,NA,CNY
78.54,78.71,78.09,78.34,3505000.0,603605.SH,20250930,珀莱雅,NA,CNY
78.13,78.32,76.81,77.66,5398100.0,603605.SH,20251009,珀莱雅,NA,CNY
77.39,78.3,77.29,77.92,4893600.0,603605.SH,20251010,珀莱雅,NA,CNY
76.33,77.16,76.13,76.58,5968000.0,603605.SH,20251013,珀莱雅,NA,CNY
76.99,77.43,76.56,76.6,5304700.0,603605.SH,20251014,珀莱雅,NA,CNY
76.6,77.69,76.27,77.32,5343400.0,603605.SH,20251015,珀莱雅,NA,CNY
77.57,79.33,77.31,77.58,6342400.0,603605.SH,20251016,珀莱雅,NA,CNY
77.87,77.87,76.4,76.42,4888600.0,603605.SH,20251017,珀莱雅,NA,CNY
76.54,76.89,75.73,76.1,3639500.0,603605.SH,20251020,珀莱雅,NA,CNY
76.1,76.25,75.75,76.15,3419100.0,603605.SH,20251021,珀莱雅,NA,CNY
76.05,76.06,74.75,74.82,5876800.0,603605.SH,20251022,珀莱雅,NA,CNY
74.63,75.02,74.06,74.98,4030900.0,603605.SH,20251023,珀莱雅,NA,CNY
74.94,75.27,74.44,74.6,3238200.0,603605.SH,20251024,珀莱雅,NA,CNY
74.72,75.06,74.44,74.91,3263000.0,603605.SH,20251027,珀莱雅,NA,CNY
74.91,75.3,74.73,75.15,2464700.0,603605.SH,20251028,珀莱雅,NA,CNY
75.02,75.3,74.39,75.29,3198900.0,603605.SH,20251029,珀莱雅,NA,CNY
75.28,75.51,74.5,74.72,4146100.0,603605.SH,20251030,珀莱雅,NA,CNY
70.52,72.62,70.42,72.32,10693400.0,603605.SH,20251031,珀莱雅,NA,CNY
72.34,72.42,71.19,71.45,4459600.0,603605.SH,20251103,珀莱雅,NA,CNY
71.22,71.35,70.2,70.2,5987500.0,603605.SH,20251104,珀莱雅,NA,CNY
69.95,69.95,68.75,68.95,5963800.0,603605.SH,20251105,珀莱雅,NA,CNY
68.85,68.95,68.1,68.63,6324100.0,603605.SH,20251106,珀莱雅,NA,CNY
68.54,69.02,68.45,68.75,3995400.0,603605.SH,20251107,珀莱雅,NA,CNY
68.75,72.47,68.56,71.81,10501000.0,603605.SH,20251110,珀莱雅,NA,CNY
71.82,72.34,70.78,72.03,6147600.0,603605.SH,20251111,珀莱雅,NA,CNY
71.94,73.12,71.67,72.16,4460200.0,603605.SH,20251112,珀莱雅,NA,CNY
72.0,72.0,71.01,71.69,4201500.0,603605.SH,20251113,珀莱雅,NA,CNY
71.18,72.2,70.77,70.77,4316300.0,603605.SH,20251114,珀莱雅,NA,CNY
70.79,70.91,69.53,69.75,4424500.0,603605.SH,20251117,珀莱雅,NA,CNY
69.47,70.46,69.46,69.94,3177900.0,603605.SH,20251118,珀莱雅,NA,CNY
69.94,72.48,69.93,71.72,8209700.0,603605.SH,20251119,珀莱雅,NA,CNY
71.99,71.99,70.53,70.72,3740800.0,603605.SH,20251120,珀莱雅,NA,CNY
70.18,71.13,69.59,69.86,4326100.0,603605.SH,20251121,珀莱雅,NA,CNY
69.74,70.09,69.18,69.89,2920900.0,603605.SH,20251124,珀莱雅,NA,CNY
70.13,70.13,69.5,69.57,3032000.0,603605.SH,20251125,珀莱雅,NA,CNY
69.49,69.58,68.66,68.73,5009100.0,603605.SH,20251126,珀莱雅,NA,CNY
68.79,69.35,68.77,68.89,2759500.0,603605.SH,20251127,珀莱雅,NA,CNY
68.88,68.95,68.4,68.9,2437000.0,603605.SH,20251128,珀莱雅,NA,CNY
68.9,69.29,68.57,69.16,2317900.0,603605.SH,20251201,珀莱雅,NA,CNY
68.89,68.89,68.57,68.62,2017100.0,603605.SH,20251202,珀莱雅,NA,CNY
68.66,68.91,68.39,68.76,2279600.0,603605.SH,20251203,珀莱雅,NA,CNY
68.68,68.68,67.54,67.62,4704800.0,603605.SH,20251204,珀莱雅,NA,CNY
67.54,68.02,66.6,67.64,3890900.0,603605.SH,20251205,珀莱雅,NA,CNY
67.58,68.03,67.58,67.77,2230600.0,603605.SH,20251208,珀莱雅,NA,CNY
67.67,68.31,66.92,67.05,3205500.0,603605.SH,20251209,珀莱雅,NA,CNY
66.9,66.95,66.39,66.61,2961600.0,603605.SH,20251210,珀莱雅,NA,CNY
66.7,66.91,66.38,66.4,2650600.0,603605.SH,20251211,珀莱雅,NA,CNY
66.41,66.59,65.67,66.31,3580600.0,603605.SH,20251212,珀莱雅,NA,CNY
66.31,66.41,65.31,65.31,4397400.0,603605.SH,20251215,珀莱雅,NA,CNY
65.29,66.27,65.29,65.37,5191600.0,603605.SH,20251216,珀莱雅,NA,CNY
65.33,66.58,64.42,66.39,5891000.0,603605.SH,20251217,珀莱雅,NA,CNY
65.95,66.26,65.79,65.83,2897100.0,603605.SH,20251218,珀莱雅,NA,CNY
66.02,67.32,65.82,66.99,5505600.0,603605.SH,20251219,珀莱雅,NA,CNY
67.0,68.32,66.8,67.68,4708000.0,603605.SH,20251222,珀莱雅,NA,CNY
67.76,67.76,66.46,66.52,3703800.0,603605.SH,20251223,珀莱雅,NA,CNY
66.46,66.87,66.08,66.76,2107700.0,603605.SH,20251224,珀莱雅,NA,CNY
66.76,67.04,66.29,66.48,2172400.0,603605.SH,20251225,珀莱雅,NA,CNY
66.24,66.9,66.23,66.52,2789000.0,603605.SH,20251226,珀莱雅,NA,CNY
66.53,67.12,65.9,65.9,2947400.0,603605.SH,20251229,珀莱雅,NA,CNY
65.9,67.27,65.6,65.79,4587600.0,603605.SH,20251230,珀莱雅,NA,CNY
66.26,68.07,66.26,67.07,6509700.0,603605.SH,20251231,珀莱雅,NA,CNY
67.07,67.46,66.45,67.39,4047000.0,603605.SH,20260105,珀莱雅,NA,CNY
67.57,68.19,67.24,68.1,5006500.0,603605.SH,20260106,珀莱雅,NA,CNY
68.05,68.05,67.15,67.37,4797300.0,603605.SH,20260107,珀莱雅,NA,CNY
67.3,67.87,67.01,67.44,2853000.0,603605.SH,20260108,珀莱雅,NA,CNY
67.49,68.25,67.37,67.89,3977000.0,603605.SH,20260109,珀莱雅,NA,CNY
67.89,68.83,67.68,68.83,6023000.0,603605.SH,20260112,珀莱雅,NA,CNY
68.81,69.05,68.38,68.83,5279000.0,603605.SH,20260113,珀莱雅,NA,CNY
68.83,70.27,68.55,69.13,7389500.0,603605.SH,20260114,珀莱雅,NA,CNY
68.95,69.6,68.09,68.24,4764100.0,603605.SH,20260115,珀莱雅,NA,CNY
68.32,68.68,67.89,68.56,3806200.0,603605.SH,20260116,珀莱雅,NA,CNY
68.25,69.17,67.89,68.43,5211300.0,603605.SH,20260119,珀莱雅,NA,CNY
68.43,70.51,68.27,70.12,7561300.0,603605.SH,20260120,珀莱雅,NA,CNY
69.91,71.22,69.37,70.42,6670300.0,603605.SH,20260121,珀莱雅,NA,CNY
70.52,70.78,69.76,70.21,3501900.0,603605.SH,20260122,珀莱雅,NA,CNY
70.14,72.48,70.13,71.68,7495200.0,603605.SH,20260123,珀莱雅,NA,CNY
71.67,72.59,70.58,71.76,6613200.0,603605.SH,20260126,珀莱雅,NA,CNY
71.79,71.79,70.04,71.01,4332500.0,603605.SH,20260127,珀莱雅,NA,CNY
70.91,71.94,69.81,70.01,5084200.0,603605.SH,20260128,珀莱雅,NA,CNY
69.71,72.03,69.05,71.98,10044300.0,603605.SH,20260129,珀莱雅,NA,CNY
71.77,72.48,70.81,71.5,5669100.0,603605.SH,20260130,珀莱雅,NA,CNY
71.11,72.15,69.08,69.08,5898600.0,603605.SH,20260202,珀莱雅,NA,CNY
69.56,71.0,69.25,69.87,3842900.0,603605.SH,20260203,珀莱雅,NA,CNY
69.95,70.4,69.4,70.18,3061800.0,603605.SH,20260204,珀莱雅,NA,CNY
70.37,74.88,70.23,74.58,22477300.0,603605.SH,20260205,珀莱雅,NA,CNY
74.21,74.76,73.03,73.9,8840600.0,603605.SH,20260206,珀莱雅,NA,CNY
73.95,75.09,73.56,74.79,7070600.0,603605.SH,20260209,珀莱雅,NA,CNY
74.78,74.95,73.38,73.96,4740900.0,603605.SH,20260210,珀莱雅,NA,CNY
74.0,75.41,72.97,73.4,3619500.0,603605.SH,20260211,珀莱雅,NA,CNY
73.41,73.46,71.63,71.79,4890800.0,603605.SH,20260212,珀莱雅,NA,CNY
71.79,72.25,71.38,71.4,3636800.0,603605.SH,20260213,珀莱雅,NA,CNY
71.5,71.84,70.12,70.19,3997400.0,603605.SH,20260224,珀莱雅,NA,CNY
70.02,70.57,70.0,70.25,2942400.0,603605.SH,20260225,珀莱雅,NA,CNY
70.23,70.41,69.26,69.3,3711500.0,603605.SH,20260226,珀莱雅,NA,CNY
69.49,69.86,69.05,69.49,2188300.0,603605.SH,20260227,珀莱雅,NA,CNY
68.57,69.01,67.86,67.89,4052800.0,603605.SH,20260302,珀莱雅,NA,CNY
67.88,68.27,66.5,66.53,4367800.0,603605.SH,20260303,珀莱雅,NA,CNY
66.21,66.99,65.73,65.73,3063600.0,603605.SH,20260304,珀莱雅,NA,CNY
66.45,66.6,65.63,65.69,2518500.0,603605.SH,20260305,珀莱雅,NA,CNY
65.62,66.94,65.45,66.77,2909400.0,603605.SH,20260306,珀莱雅,NA,CNY
66.6,66.6,64.84,65.52,3288100.0,603605.SH,20260309,珀莱雅,NA,CNY
66.18,67.08,65.93,66.99,2371300.0,603605.SH,20260310,珀莱雅,NA,CNY
66.94,67.24,66.47,67.19,2015400.0,603605.SH,20260311,珀莱雅,NA,CNY
67.09,67.09,66.42,66.64,1583200.0,603605.SH,20260312,珀莱雅,NA,CNY
66.46,66.9,66.21,66.35,1643200.0,603605.SH,20260313,珀莱雅,NA,CNY
66.34,66.94,66.06,66.8,1480600.0,603605.SH,20260316,珀莱雅,NA,CNY
66.8,67.78,66.47,66.67,2686400.0,603605.SH,20260317,珀莱雅,NA,CNY
66.67,66.98,66.13,66.27,1759900.0,603605.SH,20260318,珀莱雅,NA,CNY
65.92,66.0,65.13,65.19,2563500.0,603605.SH,20260319,珀莱雅,NA,CNY
65.31,65.72,63.68,63.68,3912600.0,603605.SH,20260320,珀莱雅,NA,CNY
63.05,63.05,60.5,60.73,4787300.0,603605.SH,20260323,珀莱雅,NA,CNY
61.59,61.68,60.24,61.08,2874200.0,603605.SH,20260324,珀莱雅,NA,CNY
61.1,61.61,60.63,60.81,3345700.0,603605.SH,20260325,珀莱雅,NA,CNY
60.81,60.91,59.51,59.64,3012800.0,603605.SH,20260326,珀莱雅,NA,CNY
59.05,60.74,59.03,60.43,2538600.0,603605.SH,20260327,珀莱雅,NA,CNY
60.08,60.48,59.26,60.25,1784200.0,603605.SH,20260330,珀莱雅,NA,CNY
60.33,61.31,59.47,59.57,2346200.0,603605.SH,20260331,珀莱雅,NA,CNY
59.94,60.61,59.62,60.33,2268000.0,603605.SH,20260401,珀莱雅,NA,CNY
60.34,60.38,59.35,59.79,2151900.0,603605.SH,20260402,珀莱雅,NA,CNY
59.84,60.04,58.42,58.6,2394800.0,603605.SH,20260403,珀莱雅,NA,CNY
58.64,59.04,58.37,58.5,1206700.0,603605.SH,20260407,珀莱雅,NA,CNY
58.91,60.07,58.91,60.05,2882100.0,603605.SH,20260408,珀莱雅,NA,CNY
59.56,59.92,58.57,58.57,3042600.0,603605.SH,20260409,珀莱雅,NA,CNY
58.59,60.57,58.59,59.84,3567500.0,603605.SH,20260410,珀莱雅,NA,CNY
59.61,59.74,58.96,59.09,2356900.0,603605.SH,20260413,珀莱雅,NA,CNY
59.27,59.48,58.39,58.84,3341300.0,603605.SH,20260414,珀莱雅,NA,CNY
58.78,59.16,58.43,58.54,3767800.0,603605.SH,20260415,珀莱雅,NA,CNY
58.61,58.86,57.87,58.75,3214100.0,603605.SH,20260416,珀莱雅,NA,CNY
58.57,58.57,57.81,58.02,2583600.0,603605.SH,20260417,珀莱雅,NA,CNY
57.98,59.63,57.7,58.91,3331800.0,603605.SH,20260420,珀莱雅,NA,CNY
58.78,59.45,58.34,59.11,2552800.0,603605.SH,20260421,珀莱雅,NA,CNY
58.77,60.28,57.87,59.91,5377800.0,603605.SH,20260422,珀莱雅,NA,CNY
59.75,60.5,59.32,59.51,4706600.0,603605.SH,20260423,珀莱雅,NA,CNY
59.45,60.6,59.24,59.59,4345600.0,603605.SH,20260424,珀莱雅,NA,CNY
59.6,61.16,59.45,60.92,5428100.0,603605.SH,20260427,珀莱雅,NA,CNY
60.68,60.9,59.94,60.19,3680000.0,603605.SH,20260428,珀莱雅,NA,CNY
60.04,61.26,60.02,60.99,3684600.0,603605.SH,20260429,珀莱雅,NA,CNY
60.81,61.2,60.34,60.61,2753500.0,603605.SH,20260430,珀莱雅,NA,CNY
59.76,60.73,59.75,60.26,3171200.0,603605.SH,20260506,珀莱雅,NA,CNY
60.43,60.81,60.19,60.33,2550800.0,603605.SH,20260507,珀莱雅,NA,CNY
60.28,60.98,59.74,60.16,3269400.0,603605.SH,20260508,珀莱雅,NA,CNY
60.17,60.17,58.91,59.39,4767700.0,603605.SH,20260511,珀莱雅,NA,CNY
59.31,59.37,57.63,57.63,6508400.0,603605.SH,20260512,珀莱雅,NA,CNY
57.57,57.94,55.97,56.52,7374300.0,603605.SH,20260513,珀莱雅,NA,CNY
56.51,56.61,54.96,55.29,5580200.0,603605.SH,20260514,珀莱雅,NA,CNY
55.16,55.66,54.62,54.97,3326100.0,603605.SH,20260515,珀莱雅,NA,CNY
55.34,55.58,54.08,55.02,3989200.0,603605.SH,20260518,珀莱雅,NA,CNY
54.85,55.37,54.39,54.8,2423900.0,603605.SH,20260519,珀莱雅,NA,CNY
54.65,55.17,53.89,54.89,3133400.0,603605.SH,20260520,珀莱雅,NA,CNY
54.89,55.95,54.23,54.23,3892300.0,603605.SH,20260521,珀莱雅,NA,CNY
55.83,58.36,55.82,56.99,9992500.0,603605.SH,20260522,珀莱雅,NA,CNY
56.72,57.65,55.91,56.84,4930900.0,603605.SH,20260525,珀莱雅,NA,CNY
56.32,57.38,56.12,56.59,3012100.0,603605.SH,20260526,珀莱雅,NA,CNY
56.27,58.6,56.03,57.86,6909000.0,603605.SH,20260527,珀莱雅,NA,CNY
57.86,57.88,55.95,56.56,4368700.0,603605.SH,20260528,珀莱雅,NA,CNY
56.12,61.21,56.12,60.54,12609300.0,603605.SH,20260529,珀莱雅,NA,CNY
60.04,66.13,59.99,65.75,18737500.0,603605.SH,20260601,珀莱雅,NA,CNY
64.63,65.28,63.18,63.55,8113700.0,603605.SH,20260602,珀莱雅,NA,CNY
63.27,63.64,61.27,62.98,7484500.0,603605.SH,20260603,珀莱雅,NA,CNY
62.57,65.72,62.57,65.11,10043400.0,603605.SH,20260604,珀莱雅,NA,CNY
66.34,66.55,63.81,64.43,7130700.0,603605.SH,20260605,珀莱雅,NA,CNY
65.27,65.51,63.12,65.16,8421700.0,603605.SH,20260608,珀莱雅,NA,CNY
64.12,65.62,62.98,63.57,6364900.0,603605.SH,20260609,珀莱雅,NA,CNY
63.27,64.23,61.97,63.55,5474700.0,603605.SH,20260610,珀莱雅,NA,CNY
63.1,63.94,62.1,62.1,3796600.0,603605.SH,20260611,珀莱雅,NA,CNY
61.71,66.52,61.66,65.82,9610600.0,603605.SH,20260612,珀莱雅,NA,CNY
65.82,66.11,64.57,65.22,4634100.0,603605.SH,20260615,珀莱雅,NA,CNY
64.85,65.33,63.28,64.91,4931800.0,603605.SH,20260616,珀莱雅,NA,CNY
64.84,65.21,63.86,64.63,2977700.0,603605.SH,20260617,珀莱雅,NA,CNY
64.62,65.72,62.76,63.31,5085900.0,603605.SH,20260618,珀莱雅,NA,CNY
62.78,62.87,57.79,59.21,10289700.0,603605.SH,20260622,珀莱雅,NA,CNY
58.28,59.66,56.44,56.92,6550500.0,603605.SH,20260623,珀莱雅,NA,CNY
56.43,57.14,54.95,55.39,5366800.0,603605.SH,20260624,珀莱雅,NA,CNY
55.2,56.48,53.4,55.27,6687200.0,603605.SH,20260625,珀莱雅,NA,CNY
55.14,56.12,53.78,55.53,5138300.0,603605.SH,20260626,珀莱雅,NA,CNY
55.24,57.96,53.18,56.47,6794800.0,603605.SH,20260629,珀莱雅,NA,CNY
55.58,58.77,55.21,58.69,6358100.0,603605.SH,20260630,珀莱雅,NA,CNY
58.36,59.84,57.45,59.0,4701000.0,603605.SH,20260701,珀莱雅,NA,CNY
59.3,59.63,57.54,57.7,4031200.0,603605.SH,20260702,珀莱雅,NA,CNY
57.79,59.26,57.79,58.68,3486500.0,603605.SH,20260703,珀莱雅,NA,CNY
58.53,58.67,56.96,57.65,4587500.0,603605.SH,20260706,珀莱雅,NA,CNY
57.79,58.27,56.71,56.71,2768300.0,603605.SH,20260707,珀莱雅,NA,CNY
56.46,58.88,56.05,56.73,3780100.0,603605.SH,20260708,珀莱雅,NA,CNY
56.61,57.04,55.4,55.84,3269300.0,603605.SH,20260709,珀莱雅,NA,CNY
55.35,57.34,55.02,56.53,3709700.0,603605.SH,20260710,珀莱雅,NA,CNY
55.97,56.56,54.56,55.02,4351800.0,603605.SH,20260713,珀莱雅,NA,CNY
55.04,56.4,54.73,56.2,5158700.0,603605.SH,20260714,珀莱雅,NA,CNY
55.95,59.25,55.44,58.77,7444400.0,603605.SH,20260715,珀莱雅,NA,CNY
58.44,59.8,58.24,58.98,5617900.0,603605.SH,20260716,珀莱雅,NA,CNY
58.98,59.35,55.4,55.56,8298600.0,603605.SH,20260717,珀莱雅,NA,CNY
55.56,56.89,55.32,56.32,4404800.0,603605.SH,20260720,珀莱雅,NA,CNY
56.32,58.09,56.11,56.62,5961700.0,603605.SH,20260721,珀莱雅,NA,CNY
56.5,58.49,56.06,58.49,5646400.0,603605.SH,20260722,珀莱雅,NA,CNY
57.8,58.5,57.14,58.28,3514800.0,603605.SH,20260723,珀莱雅,NA,CNY
57.86,58.26,56.2,56.25,3237700.0,603605.SH,20260724,珀莱雅,NA,CNY
56.4,58.98,56.16,58.74,5010600.0,603605.SH,20260727,珀莱雅,NA,CNY
58.13,60.65,57.75,60.26,5586300.0,603605.SH,20260728,珀莱雅,NA,CNY
60.3,62.16,60.0,61.13,6680300.0,603605.SH,20260729,珀莱雅,NA,CNY
62.01,63.86,61.11,61.8,7329100.0,603605.SH,20260730,珀莱雅,NA,CNY
60.8,62.37,60.45,61.29,5068700.0,603605.SH,20260731,珀莱雅,NA,CNY
61.28,61.97,60.58,60.8,3645600.0,603605.SH,20260803,珀莱雅,NA,CNY
60.9,61.2,58.81,58.99,5915100.0,603605.SH,20260804,珀莱雅,NA,CNY
58.98,60.11,58.12,58.9,6363900.0,603605.SH,20260805,珀莱雅,NA,CNY
58.99,59.12,57.33,57.9,5251500.0,603605.SH,20260806,珀莱雅,NA,CNY
57.9,57.93,57.03,57.72,4075200.0,603605.SH,20260807,珀莱雅,NA,CNY
57.79,59.6,57.46,59.03,6286400.0,603605.SH,20260810,珀莱雅,NA,CNY
